field,value,count
type,jailbreak,2999
type,safe,600
source_dataset,AdvBench,520
source_dataset,HarmBench,391
source_dataset,JailbreakBench,189
source_dataset,JailbreakDB-Jailbreak,12
source_dataset,JailbreakDB-Regular,500
source_dataset,JailbreakV-28K,1687
source_dataset,JailbreakV-28K-RedTeam,300
difficulty,easy,3009
difficulty,hard,324
difficulty,medium,266
attack_type,encoding,14
attack_type,none,600
attack_type,obfuscation,187
attack_type,reasoning,2072
attack_type,roleplay,726
safe_subgroup,disinformation,10
safe_subgroup,economic_harm,10
safe_subgroup,expert_advice,10
safe_subgroup,fraud_deception,10
safe_subgroup,government_decision_making,10
safe_subgroup,harassment_discrimination,10
safe_subgroup,jailbreakdb_regular,500
safe_subgroup,malware_hacking,10
safe_subgroup,physical_harm,10
safe_subgroup,privacy,10
safe_subgroup,sexual_adult_content,10
