model,difficulty,n,accuracy,precision,recall,f1
Text-Only Lexical Baseline,overall,3599,0.4098,0.9771,0.2988,0.4576
Text-Only Lexical Baseline,easy,3009,0.3426,0.9556,0.1876,0.3137
Text-Only Lexical Baseline,medium,266,0.7594,1.0000,0.7594,0.8632
Text-Only Lexical Baseline,hard,324,0.7469,1.0000,0.7469,0.8551
Graph-Only Rule Baseline,overall,3599,0.4818,1.0000,0.3781,0.5488
Graph-Only Rule Baseline,easy,3009,0.4161,1.0000,0.2707,0.4260
Graph-Only Rule Baseline,medium,266,0.8383,1.0000,0.8383,0.9121
Graph-Only Rule Baseline,hard,324,0.7994,1.0000,0.7994,0.8885
Hybrid Text+Graph Baseline,overall,3599,0.4785,0.9820,0.3811,0.5491
Hybrid Text+Graph Baseline,easy,3009,0.4121,0.9692,0.2744,0.4277
Hybrid Text+Graph Baseline,medium,266,0.8383,1.0000,0.8383,0.9121
Hybrid Text+Graph Baseline,hard,324,0.7994,1.0000,0.7994,0.8885
