rank,motif,frequency
1,nodes:harmful_intent|edges:,1554
2,"nodes:harmful_intent,instruction_override,roleplay|edges:instruction_override>harmful_intent,roleplay>instruction_override",465
3,nodes:benign_query|edges:,294
4,"nodes:harmful_intent,obfuscation|edges:obfuscation>harmful_intent",61
5,"nodes:fiction,harmful_intent,hypothetical,instruction_override,roleplay|edges:fiction>harmful_intent,hypothetical>harmful_intent,instruction_override>harmful_intent,roleplay>instruction_override",55
6,"nodes:emotional_manipulation,harmful_intent|edges:emotional_manipulation>harmful_intent",49
7,"nodes:context_shift,fiction,harmful_intent,instruction_override,roleplay|edges:context_shift>harmful_intent,fiction>harmful_intent,instruction_override>harmful_intent,roleplay>instruction_override",46
8,"nodes:context_shift,harmful_intent,instruction_override,roleplay|edges:context_shift>harmful_intent,instruction_override>harmful_intent,roleplay>instruction_override",40
9,"nodes:context_shift,emotional_manipulation,harmful_intent|edges:context_shift>harmful_intent,emotional_manipulation>harmful_intent",36
10,"nodes:context_shift,harmful_intent,instruction_override|edges:context_shift>harmful_intent,instruction_override>harmful_intent",36
11,"nodes:fiction,harmful_intent|edges:fiction>harmful_intent",35
12,"nodes:authority_claim,context_shift,harmful_intent,instruction_override,roleplay|edges:authority_claim>instruction_override,context_shift>harmful_intent,instruction_override>harmful_intent,roleplay>instruction_override",35
13,"nodes:fiction,harmful_intent,roleplay|edges:fiction>harmful_intent,roleplay>harmful_intent",30
14,"nodes:harmful_intent,instruction_override|edges:instruction_override>harmful_intent",29
15,"nodes:authority_claim,harmful_intent,instruction_override,roleplay|edges:authority_claim>harmful_intent,instruction_override>harmful_intent,roleplay>instruction_override",26
16,"nodes:context_shift,harmful_intent|edges:context_shift>harmful_intent",25
17,"nodes:harmful_intent,roleplay|edges:roleplay>harmful_intent",22
18,"nodes:context_shift,harmful_intent,instruction_override|edges:context_shift>instruction_override,instruction_override>harmful_intent",21
19,"nodes:fiction,harmful_intent,instruction_override,roleplay|edges:fiction>harmful_intent,instruction_override>harmful_intent,roleplay>instruction_override",21
20,"nodes:authority_claim,harmful_intent,instruction_override,roleplay|edges:authority_claim>instruction_override,instruction_override>harmful_intent,roleplay>instruction_override",19
21,"nodes:emotional_manipulation,harmful_intent,instruction_override,roleplay|edges:emotional_manipulation>harmful_intent,instruction_override>harmful_intent,roleplay>instruction_override",17
22,"nodes:harmful_intent,hypothetical,instruction_override,roleplay|edges:hypothetical>harmful_intent,instruction_override>harmful_intent,roleplay>instruction_override",17
23,"nodes:emotional_manipulation,harmful_intent,instruction_override,roleplay|edges:emotional_manipulation>instruction_override,instruction_override>harmful_intent,roleplay>instruction_override",16
24,"nodes:authority_claim,context_shift,harmful_intent,instruction_override,roleplay|edges:authority_claim>harmful_intent,context_shift>harmful_intent,instruction_override>harmful_intent,roleplay>instruction_override",14
25,"nodes:context_shift,fiction,harmful_intent,roleplay|edges:context_shift>harmful_intent,fiction>harmful_intent,roleplay>harmful_intent",14
26,"nodes:context_shift,emotional_manipulation,harmful_intent,instruction_override,roleplay|edges:context_shift>harmful_intent,emotional_manipulation>harmful_intent,instruction_override>harmful_intent,roleplay>instruction_override",13
27,"nodes:harmful_intent,hypothetical,roleplay|edges:hypothetical>harmful_intent,roleplay>harmful_intent",13
28,"nodes:context_shift,emotional_manipulation,harmful_intent,instruction_override|edges:context_shift>harmful_intent,emotional_manipulation>harmful_intent,instruction_override>harmful_intent",12
29,"nodes:authority_claim,harmful_intent,instruction_override,roleplay|edges:authority_claim>harmful_intent,instruction_override>harmful_intent,roleplay>authority_claim,roleplay>instruction_override",11
30,"nodes:fiction,harmful_intent,hypothetical,roleplay|edges:fiction>harmful_intent,hypothetical>harmful_intent,roleplay>harmful_intent",11
31,"nodes:context_shift,fiction,harmful_intent,hypothetical,instruction_override,roleplay|edges:context_shift>harmful_intent,fiction>harmful_intent,hypothetical>harmful_intent,instruction_override>harmful_intent,roleplay>instruction_override",10
32,"nodes:context_shift,harmful_intent,roleplay|edges:context_shift>harmful_intent,roleplay>harmful_intent",9
33,"nodes:authority_claim,context_shift,harmful_intent,instruction_override,roleplay|edges:authority_claim>harmful_intent,authority_claim>instruction_override,context_shift>harmful_intent,instruction_override>harmful_intent,roleplay>harmful_intent,roleplay>instruction_override",8
34,"nodes:authority_claim,emotional_manipulation,harmful_intent,instruction_override,roleplay|edges:authority_claim>harmful_intent,emotional_manipulation>harmful_intent,instruction_override>harmful_intent,roleplay>instruction_override",8
35,"nodes:fiction,harmful_intent,instruction_override,roleplay|edges:fiction>harmful_intent,instruction_override>harmful_intent,roleplay>harmful_intent",8
36,"nodes:authority_claim,fiction,harmful_intent,hypothetical,instruction_override,roleplay|edges:authority_claim>instruction_override,fiction>harmful_intent,hypothetical>harmful_intent,instruction_override>harmful_intent,roleplay>instruction_override",8
37,"nodes:context_shift,fiction,harmful_intent|edges:context_shift>harmful_intent,fiction>harmful_intent",8
38,"nodes:context_shift,harmful_intent,hypothetical,roleplay|edges:context_shift>harmful_intent,hypothetical>harmful_intent,roleplay>harmful_intent",8
39,"nodes:context_shift,harmful_intent,instruction_override,roleplay|edges:context_shift>harmful_intent,instruction_override>harmful_intent,roleplay>harmful_intent",7
40,"nodes:context_shift,fiction,harmful_intent,instruction_override|edges:context_shift>harmful_intent,fiction>harmful_intent,instruction_override>harmful_intent",7
