id,annotator_id,node_labels_json,edge_list_json,notes
advbench_0011,annotator_a,,,
advbench_0014,annotator_a,,,
advbench_0028,annotator_a,,,
advbench_0032,annotator_a,,,
advbench_0057,annotator_a,,,
advbench_0083,annotator_a,,,
advbench_0084,annotator_a,,,
advbench_0088,annotator_a,,,
advbench_0097,annotator_a,,,
advbench_0106,annotator_a,,,
advbench_0107,annotator_a,,,
advbench_0118,annotator_a,,,
advbench_0124,annotator_a,,,
advbench_0134,annotator_a,,,
advbench_0152,annotator_a,,,
advbench_0199,annotator_a,,,
advbench_0263,annotator_a,,,
advbench_0278,annotator_a,,,
advbench_0280,annotator_a,,,
advbench_0298,annotator_a,,,
advbench_0301,annotator_a,,,
advbench_0330,annotator_a,,,
advbench_0334,annotator_a,,,
advbench_0388,annotator_a,,,
advbench_0392,annotator_a,,,
advbench_0414,annotator_a,,,
advbench_0421,annotator_a,,,
advbench_0434,annotator_a,,,
advbench_0437,annotator_a,,,
advbench_0458,annotator_a,,,
advbench_0469,annotator_a,,,
advbench_0485,annotator_a,,,
advbench_0486,annotator_a,,,
advbench_0490,annotator_a,,,
harmbench_0041,annotator_a,,,
harmbench_0042,annotator_a,,,
harmbench_0046,annotator_a,,,
harmbench_0072,annotator_a,,,
harmbench_0091,annotator_a,,,
harmbench_0100,annotator_a,,,
harmbench_0124,annotator_a,,,
harmbench_0131,annotator_a,,,
harmbench_0159,annotator_a,,,
harmbench_0164,annotator_a,,,
harmbench_0166,annotator_a,,,
harmbench_0174,annotator_a,,,
harmbench_0194,annotator_a,,,
harmbench_0197,annotator_a,,,
harmbench_0222,annotator_a,,,
harmbench_0261,annotator_a,,,
harmbench_0274,annotator_a,,,
harmbench_0324,annotator_a,,,
harmbench_0394,annotator_a,,,
harmbench_0395,annotator_a,,,
harmbench_0397,annotator_a,,,
jailbreakv28k_00236,annotator_a,,,
jailbreakv28k_00256,annotator_a,,,
jailbreakv28k_00418,annotator_a,,,
jailbreakv28k_00505,annotator_a,,,
jailbreakv28k_00565,annotator_a,,,
jailbreakv28k_00660,annotator_a,,,
jailbreakv28k_00953,annotator_a,,,
jailbreakv28k_01035,annotator_a,,,
jailbreakv28k_01826,annotator_a,,,
jailbreakv28k_01892,annotator_a,,,
jailbreakv28k_02167,annotator_a,,,
jailbreakv28k_02367,annotator_a,,,
jailbreakv28k_02539,annotator_a,,,
jailbreakv28k_02705,annotator_a,,,
jailbreakv28k_02844,annotator_a,,,
jailbreakv28k_02848,annotator_a,,,
jailbreakv28k_02916,annotator_a,,,
jailbreakv28k_02954,annotator_a,,,
jailbreakv28k_03250,annotator_a,,,
jailbreakv28k_03257,annotator_a,,,
jailbreakv28k_03384,annotator_a,,,
jailbreakv28k_03426,annotator_a,,,
jailbreakv28k_03645,annotator_a,,,
jailbreakv28k_04010,annotator_a,,,
jailbreakv28k_04529,annotator_a,,,
jailbreakv28k_04580,annotator_a,,,
jailbreakv28k_04596,annotator_a,,,
jailbreakv28k_04614,annotator_a,,,
jailbreakv28k_04738,annotator_a,,,
jailbreakv28k_04910,annotator_a,,,
jailbreakv28k_05284,annotator_a,,,
jailbreakv28k_05353,annotator_a,,,
jailbreakv28k_05635,annotator_a,,,
jailbreakv28k_06139,annotator_a,,,
jailbreakv28k_06823,annotator_a,,,
jailbreakv28k_07032,annotator_a,,,
jailbreakv28k_07045,annotator_a,,,
jailbreakv28k_07097,annotator_a,,,
jailbreakv28k_07253,annotator_a,,,
jailbreakv28k_07433,annotator_a,,,
jailbreakv28k_07447,annotator_a,,,
jailbreakv28k_07551,annotator_a,,,
jailbreakv28k_08075,annotator_a,,,
jailbreakv28k_08107,annotator_a,,,
jailbreakv28k_08212,annotator_a,,,
jailbreakv28k_08466,annotator_a,,,
jailbreakv28k_08607,annotator_a,,,
jailbreakv28k_08935,annotator_a,,,
jailbreakv28k_08937,annotator_a,,,
jailbreakv28k_09215,annotator_a,,,
jailbreakv28k_09370,annotator_a,,,
jailbreakv28k_09991,annotator_a,,,
jailbreakv28k_10367,annotator_a,,,
jailbreakv28k_10631,annotator_a,,,
jailbreakv28k_10878,annotator_a,,,
jailbreakv28k_11238,annotator_a,,,
jailbreakv28k_11673,annotator_a,,,
jailbreakv28k_12017,annotator_a,,,
jailbreakv28k_12165,annotator_a,,,
jailbreakv28k_12851,annotator_a,,,
jailbreakv28k_13559,annotator_a,,,
jailbreakv28k_13574,annotator_a,,,
jailbreakv28k_13666,annotator_a,,,
jailbreakv28k_13828,annotator_a,,,
jailbreakv28k_13845,annotator_a,,,
jailbreakv28k_13846,annotator_a,,,
jailbreakv28k_13874,annotator_a,,,
jailbreakv28k_13954,annotator_a,,,
jailbreakv28k_13973,annotator_a,,,
jailbreakv28k_14328,annotator_a,,,
jailbreakv28k_14442,annotator_a,,,
jailbreakv28k_14702,annotator_a,,,
jailbreakv28k_14957,annotator_a,,,
jailbreakv28k_15085,annotator_a,,,
jailbreakv28k_15621,annotator_a,,,
jailbreakv28k_15680,annotator_a,,,
jailbreakv28k_15835,annotator_a,,,
jailbreakv28k_16016,annotator_a,,,
jailbreakv28k_16056,annotator_a,,,
jailbreakv28k_16310,annotator_a,,,
jailbreakv28k_16402,annotator_a,,,
jailbreakv28k_16461,annotator_a,,,
jailbreakv28k_16689,annotator_a,,,
jailbreakv28k_16876,annotator_a,,,
jailbreakv28k_16967,annotator_a,,,
jailbreakv28k_17158,annotator_a,,,
jailbreakv28k_17217,annotator_a,,,
jailbreakv28k_17361,annotator_a,,,
jailbreakv28k_17385,annotator_a,,,
jailbreakv28k_17674,annotator_a,,,
jailbreakv28k_17986,annotator_a,,,
jailbreakv28k_19026,annotator_a,,,
jailbreakv28k_19983,annotator_a,,,
jailbreakv28k_20004,annotator_a,,,
jailbreakv28k_22263,annotator_a,,,
jailbreakv28k_22322,annotator_a,,,
jailbreakv28k_22738,annotator_a,,,
jailbreakv28k_22910,annotator_a,,,
jailbreakv28k_23125,annotator_a,,,
jailbreakv28k_23166,annotator_a,,,
jailbreakv28k_24060,annotator_a,,,
jailbreakv28k_24473,annotator_a,,,
jailbreakv28k_25097,annotator_a,,,
jailbreakv28k_25147,annotator_a,,,
jailbreakv28k_25149,annotator_a,,,
jailbreakv28k_25283,annotator_a,,,
jailbreakv28k_25682,annotator_a,,,
jailbreakv28k_25752,annotator_a,,,
jailbreakv28k_25927,annotator_a,,,
jailbreakv28k_26586,annotator_a,,,
jailbreakv28k_26893,annotator_a,,,
jailbreakv28k_27095,annotator_a,,,
jailbreakv28k_27192,annotator_a,,,
jailbreakv28k_27254,annotator_a,,,
jailbreakv28k_27297,annotator_a,,,
jailbreakv28k_27604,annotator_a,,,
jailbreakv28k_27827,annotator_a,,,
jailbreakv28k_27867,annotator_a,,,
jailbreakv_redteam_00003,annotator_a,,,
jailbreakv_redteam_00028,annotator_a,,,
jailbreakv_redteam_00065,annotator_a,,,
jailbreakv_redteam_00139,annotator_a,,,
jailbreakv_redteam_00221,annotator_a,,,
jailbreakv_redteam_00429,annotator_a,,,
jailbreakv_redteam_00478,annotator_a,,,
jailbreakv_redteam_00502,annotator_a,,,
jailbreakv_redteam_00820,annotator_a,,,
jailbreakv_redteam_00824,annotator_a,,,
jailbreakv_redteam_00892,annotator_a,,,
jailbreakv_redteam_01015,annotator_a,,,
jailbreakv_redteam_01018,annotator_a,,,
jailbreakv_redteam_01130,annotator_a,,,
jailbreakv_redteam_01211,annotator_a,,,
jailbreakv_redteam_01287,annotator_a,,,
jailbreakv_redteam_01798,annotator_a,,,
jailbreakv_redteam_01835,annotator_a,,,
jailbreakv_redteam_01870,annotator_a,,,
jailbreakv_redteam_01943,annotator_a,,,
jbb_harmful_0009,annotator_a,,,
jbb_harmful_0030,annotator_a,,,
jbb_harmful_0033,annotator_a,,,
jbb_harmful_0052,annotator_a,,,
jbb_harmful_0053,annotator_a,,,
jbb_harmful_0073,annotator_a,,,
jbb_harmful_0081,annotator_a,,,
