id,annotator_id,node_labels_json,edge_list_json,notes
advbench_0011,annotator_c,,,
advbench_0014,annotator_c,,,
advbench_0028,annotator_c,,,
advbench_0032,annotator_c,,,
advbench_0057,annotator_c,,,
advbench_0083,annotator_c,,,
advbench_0084,annotator_c,,,
advbench_0088,annotator_c,,,
advbench_0097,annotator_c,,,
advbench_0106,annotator_c,,,
advbench_0107,annotator_c,,,
advbench_0118,annotator_c,,,
advbench_0124,annotator_c,,,
advbench_0134,annotator_c,,,
advbench_0152,annotator_c,,,
advbench_0199,annotator_c,,,
advbench_0263,annotator_c,,,
advbench_0278,annotator_c,,,
advbench_0280,annotator_c,,,
advbench_0298,annotator_c,,,
advbench_0301,annotator_c,,,
advbench_0330,annotator_c,,,
advbench_0334,annotator_c,,,
advbench_0388,annotator_c,,,
advbench_0392,annotator_c,,,
advbench_0414,annotator_c,,,
advbench_0421,annotator_c,,,
advbench_0434,annotator_c,,,
advbench_0437,annotator_c,,,
advbench_0458,annotator_c,,,
advbench_0469,annotator_c,,,
advbench_0485,annotator_c,,,
advbench_0486,annotator_c,,,
advbench_0490,annotator_c,,,
harmbench_0041,annotator_c,,,
harmbench_0042,annotator_c,,,
harmbench_0046,annotator_c,,,
harmbench_0072,annotator_c,,,
harmbench_0091,annotator_c,,,
harmbench_0100,annotator_c,,,
harmbench_0124,annotator_c,,,
harmbench_0131,annotator_c,,,
harmbench_0159,annotator_c,,,
harmbench_0164,annotator_c,,,
harmbench_0166,annotator_c,,,
harmbench_0174,annotator_c,,,
harmbench_0194,annotator_c,,,
harmbench_0197,annotator_c,,,
harmbench_0222,annotator_c,,,
harmbench_0261,annotator_c,,,
harmbench_0274,annotator_c,,,
harmbench_0324,annotator_c,,,
harmbench_0394,annotator_c,,,
harmbench_0395,annotator_c,,,
harmbench_0397,annotator_c,,,
jailbreakv28k_00236,annotator_c,,,
jailbreakv28k_00256,annotator_c,,,
jailbreakv28k_00418,annotator_c,,,
jailbreakv28k_00505,annotator_c,,,
jailbreakv28k_00565,annotator_c,,,
jailbreakv28k_00660,annotator_c,,,
jailbreakv28k_00953,annotator_c,,,
jailbreakv28k_01035,annotator_c,,,
jailbreakv28k_01826,annotator_c,,,
jailbreakv28k_01892,annotator_c,,,
jailbreakv28k_02167,annotator_c,,,
jailbreakv28k_02367,annotator_c,,,
jailbreakv28k_02539,annotator_c,,,
jailbreakv28k_02705,annotator_c,,,
jailbreakv28k_02844,annotator_c,,,
jailbreakv28k_02848,annotator_c,,,
jailbreakv28k_02916,annotator_c,,,
jailbreakv28k_02954,annotator_c,,,
jailbreakv28k_03250,annotator_c,,,
jailbreakv28k_03257,annotator_c,,,
jailbreakv28k_03384,annotator_c,,,
jailbreakv28k_03426,annotator_c,,,
jailbreakv28k_03645,annotator_c,,,
jailbreakv28k_04010,annotator_c,,,
jailbreakv28k_04529,annotator_c,,,
jailbreakv28k_04580,annotator_c,,,
jailbreakv28k_04596,annotator_c,,,
jailbreakv28k_04614,annotator_c,,,
jailbreakv28k_04738,annotator_c,,,
jailbreakv28k_04910,annotator_c,,,
jailbreakv28k_05284,annotator_c,,,
jailbreakv28k_05353,annotator_c,,,
jailbreakv28k_05635,annotator_c,,,
jailbreakv28k_06139,annotator_c,,,
jailbreakv28k_06823,annotator_c,,,
jailbreakv28k_07032,annotator_c,,,
jailbreakv28k_07045,annotator_c,,,
jailbreakv28k_07097,annotator_c,,,
jailbreakv28k_07253,annotator_c,,,
jailbreakv28k_07433,annotator_c,,,
jailbreakv28k_07447,annotator_c,,,
jailbreakv28k_07551,annotator_c,,,
jailbreakv28k_08075,annotator_c,,,
jailbreakv28k_08107,annotator_c,,,
jailbreakv28k_08212,annotator_c,,,
jailbreakv28k_08466,annotator_c,,,
jailbreakv28k_08607,annotator_c,,,
jailbreakv28k_08935,annotator_c,,,
jailbreakv28k_08937,annotator_c,,,
jailbreakv28k_09215,annotator_c,,,
jailbreakv28k_09370,annotator_c,,,
jailbreakv28k_09991,annotator_c,,,
jailbreakv28k_10367,annotator_c,,,
jailbreakv28k_10631,annotator_c,,,
jailbreakv28k_10878,annotator_c,,,
jailbreakv28k_11238,annotator_c,,,
jailbreakv28k_11673,annotator_c,,,
jailbreakv28k_12017,annotator_c,,,
jailbreakv28k_12165,annotator_c,,,
jailbreakv28k_12851,annotator_c,,,
jailbreakv28k_13559,annotator_c,,,
jailbreakv28k_13574,annotator_c,,,
jailbreakv28k_13666,annotator_c,,,
jailbreakv28k_13828,annotator_c,,,
jailbreakv28k_13845,annotator_c,,,
jailbreakv28k_13846,annotator_c,,,
jailbreakv28k_13874,annotator_c,,,
jailbreakv28k_13954,annotator_c,,,
jailbreakv28k_13973,annotator_c,,,
jailbreakv28k_14328,annotator_c,,,
jailbreakv28k_14442,annotator_c,,,
jailbreakv28k_14702,annotator_c,,,
jailbreakv28k_14957,annotator_c,,,
jailbreakv28k_15085,annotator_c,,,
jailbreakv28k_15621,annotator_c,,,
jailbreakv28k_15680,annotator_c,,,
jailbreakv28k_15835,annotator_c,,,
jailbreakv28k_16016,annotator_c,,,
jailbreakv28k_16056,annotator_c,,,
jailbreakv28k_16310,annotator_c,,,
jailbreakv28k_16402,annotator_c,,,
jailbreakv28k_16461,annotator_c,,,
jailbreakv28k_16689,annotator_c,,,
jailbreakv28k_16876,annotator_c,,,
jailbreakv28k_16967,annotator_c,,,
jailbreakv28k_17158,annotator_c,,,
jailbreakv28k_17217,annotator_c,,,
jailbreakv28k_17361,annotator_c,,,
jailbreakv28k_17385,annotator_c,,,
jailbreakv28k_17674,annotator_c,,,
jailbreakv28k_17986,annotator_c,,,
jailbreakv28k_19026,annotator_c,,,
jailbreakv28k_19983,annotator_c,,,
jailbreakv28k_20004,annotator_c,,,
jailbreakv28k_22263,annotator_c,,,
jailbreakv28k_22322,annotator_c,,,
jailbreakv28k_22738,annotator_c,,,
jailbreakv28k_22910,annotator_c,,,
jailbreakv28k_23125,annotator_c,,,
jailbreakv28k_23166,annotator_c,,,
jailbreakv28k_24060,annotator_c,,,
jailbreakv28k_24473,annotator_c,,,
jailbreakv28k_25097,annotator_c,,,
jailbreakv28k_25147,annotator_c,,,
jailbreakv28k_25149,annotator_c,,,
jailbreakv28k_25283,annotator_c,,,
jailbreakv28k_25682,annotator_c,,,
jailbreakv28k_25752,annotator_c,,,
jailbreakv28k_25927,annotator_c,,,
jailbreakv28k_26586,annotator_c,,,
jailbreakv28k_26893,annotator_c,,,
jailbreakv28k_27095,annotator_c,,,
jailbreakv28k_27192,annotator_c,,,
jailbreakv28k_27254,annotator_c,,,
jailbreakv28k_27297,annotator_c,,,
jailbreakv28k_27604,annotator_c,,,
jailbreakv28k_27827,annotator_c,,,
jailbreakv28k_27867,annotator_c,,,
jailbreakv_redteam_00003,annotator_c,,,
jailbreakv_redteam_00028,annotator_c,,,
jailbreakv_redteam_00065,annotator_c,,,
jailbreakv_redteam_00139,annotator_c,,,
jailbreakv_redteam_00221,annotator_c,,,
jailbreakv_redteam_00429,annotator_c,,,
jailbreakv_redteam_00478,annotator_c,,,
jailbreakv_redteam_00502,annotator_c,,,
jailbreakv_redteam_00820,annotator_c,,,
jailbreakv_redteam_00824,annotator_c,,,
jailbreakv_redteam_00892,annotator_c,,,
jailbreakv_redteam_01015,annotator_c,,,
jailbreakv_redteam_01018,annotator_c,,,
jailbreakv_redteam_01130,annotator_c,,,
jailbreakv_redteam_01211,annotator_c,,,
jailbreakv_redteam_01287,annotator_c,,,
jailbreakv_redteam_01798,annotator_c,,,
jailbreakv_redteam_01835,annotator_c,,,
jailbreakv_redteam_01870,annotator_c,,,
jailbreakv_redteam_01943,annotator_c,,,
jbb_harmful_0009,annotator_c,,,
jbb_harmful_0030,annotator_c,,,
jbb_harmful_0033,annotator_c,,,
jbb_harmful_0052,annotator_c,,,
jbb_harmful_0053,annotator_c,,,
jbb_harmful_0073,annotator_c,,,
jbb_harmful_0081,annotator_c,,,
