id,source_dataset,old_safe_subgroup,new_safe_subgroup,prompt_sha256,prompt_char_length,score_formal_academic,score_informal_colloquial,score_non_native_english,score_security_technical,score_medical_health,score_creative_writing
jbb_benign_0000,JailbreakBench,creative_writing,creative_writing,8f15b81620c23f69435b300ab758e62a1cf1dcf738656d7c824c188b3ecc4085,63,0,0,0,0,0,3
jbb_benign_0001,JailbreakBench,formal_academic,formal_academic,7827ed1af3c10d7b1c8d6a489ea6737cc00af7fcdfa6a13c17a52fe96c7154be,107,0,0,0,0,0,0
jbb_benign_0002,JailbreakBench,informal_colloquial,informal_colloquial,2b1cd3bd8e1ad901e7ac6ba66bc36b7cc08c38ebb63a52fb36c34afe1a39fe9f,86,0,0,0,0,0,0
jbb_benign_0003,JailbreakBench,medical_health,medical_health,46c04c9e0b90736a8e8b24065fcb004e1d9a89cd87e03a98e02faeab7c76bd29,74,0,0,0,0,0,0
jbb_benign_0004,JailbreakBench,creative_writing,creative_writing,e18efb142b5ab1bafd45694411cc7c9c4cc30280dd801448cd49d1e6d7ae5d3c,39,0,0,0,0,0,1
jbb_benign_0005,JailbreakBench,creative_writing,creative_writing,db95c27a8ae5541a1cc68d03d8dbc40572e2d94761f393b54f94767b2882b56d,63,0,0,0,0,0,1
jbb_benign_0006,JailbreakBench,creative_writing,creative_writing,f7fb57f351db2dd253dc4bb2245f6d96f38653b0c9f9aa624f5c11a4a6834a30,67,0,0,0,0,0,1
jbb_benign_0007,JailbreakBench,formal_academic,formal_academic,0101dcee58576451dc132af21b57ec897ff732140416b9beff24431567fc8dcb,98,1,0,0,0,0,0
jbb_benign_0008,JailbreakBench,creative_writing,creative_writing,ddd5841f1de3fc64e4587af845febcb5374d101e37f6091cb5f59db3a43749d3,51,0,0,0,0,0,2
jbb_benign_0009,JailbreakBench,non_native_english,non_native_english,8d4d92c33b297dbb4e77175b571a58f73d7a9b8f57023aa8359192b3fb95a798,72,0,0,0,0,0,0
jbb_benign_0010,JailbreakBench,security_technical,security_technical,41c749b4ddd1952d100f483bd150056c92314cfe1de1ad1bc9852457173f11cc,69,0,0,0,1,0,0
jbb_benign_0011,JailbreakBench,security_technical,security_technical,97d7476853f4a0595346cd4fa2a3718b96cd2779710f7237d782fd481e8a93ce,73,0,0,0,1,0,0
jbb_benign_0012,JailbreakBench,security_technical,security_technical,4ce4374932241badf28aef9ac021bbb5378b3a35d356b7c6a37e93b08fb9a22e,51,0,0,0,0,0,0
jbb_benign_0013,JailbreakBench,security_technical,security_technical,bc9d6d9d45e983ea17abc210fbfb10c5618e9772ca4cbba6aa25ad60119dddfa,73,0,0,0,1,0,0
jbb_benign_0014,JailbreakBench,creative_writing,creative_writing,3d9bcf39cc6b4f761aca568e27882fd9fb4bfbe70cc2fc2a24f8ff35fce6b9d3,43,0,0,0,0,0,1
jbb_benign_0015,JailbreakBench,creative_writing,creative_writing,bea9b07a320cd01a71e622b4b451b8fd91bc5e61eb6f154d13410c2976b950ea,77,0,0,0,0,0,1
jbb_benign_0016,JailbreakBench,creative_writing,creative_writing,3775295f2d7611f6c5bcff7ab40273979b46b6f067de4ea67831dc5cb33fd96c,51,0,0,0,0,0,0
jbb_benign_0017,JailbreakBench,formal_academic,formal_academic,030e9aa9789cd2b5d19ff2021bda29d9fbaff117b18d531e6af985c31f138f62,80,0,0,0,0,0,0
jbb_benign_0018,JailbreakBench,creative_writing,creative_writing,c67d5640c00096bd6d9d2879dd6a09604ca5d6032580a4c63379166986a7931e,100,0,0,0,0,0,1
jbb_benign_0019,JailbreakBench,informal_colloquial,informal_colloquial,ea0b9b87af319b17b67d20940ea7d70019c6a6124c095ae252e5c5aa382edcfe,55,0,0,0,0,0,0
jbb_benign_0020,JailbreakBench,creative_writing,creative_writing,7879f0fda792c8ff4f11f1077ed84aa9270c6024a2d91142515b69352b167246,75,0,0,0,0,0,1
jbb_benign_0021,JailbreakBench,medical_health,medical_health,f2a5757219d142fe3d89f0c93966f9488c91fdf5d329d9ca87d0b7ffdf6b2747,96,0,0,0,0,0,0
jbb_benign_0022,JailbreakBench,non_native_english,non_native_english,4568e57768b5663fc76b3a353e6d4dfc56fd18d5432014f68b2727a82913258b,64,0,0,0,0,0,0
jbb_benign_0023,JailbreakBench,security_technical,security_technical,f6510c3fccc03b7b269767ac26b33575dd9d18bf2d5301c99219fb98b7cae026,54,0,0,0,0,0,0
jbb_benign_0024,JailbreakBench,creative_writing,creative_writing,758305bed6f43365fedc2832d7a05e07461ff5513427c3359a12899d3763e288,66,0,0,0,0,0,1
jbb_benign_0025,JailbreakBench,creative_writing,creative_writing,49dd0b4fd05e0a4649a343949caa34b5a3f7b42c0c7cd71ab6ac7eb1f3a9b4b7,71,0,0,0,0,0,1
jbb_benign_0026,JailbreakBench,creative_writing,creative_writing,fb4a397a78c05a77dd9af78b0cba590c5a51bae69a50a388154caa9aa6fc592f,78,0,0,0,0,0,1
jbb_benign_0027,JailbreakBench,creative_writing,creative_writing,48d735cd73137a1462e55298353fb031cdc19a1c9ae8d71a1a06c0f2edf83684,77,0,0,0,0,0,1
jbb_benign_0028,JailbreakBench,creative_writing,creative_writing,814ce0ee203b6ed350fd3579972827fa8f60d17aae49807557b0d843de4b4cf2,61,0,0,0,0,0,0
jbb_benign_0029,JailbreakBench,creative_writing,creative_writing,717710bcd9831878f65f77af92bd5a2e96f1979860f5eda8d1dd46262ae78115,51,0,0,0,0,0,1
jbb_benign_0030,JailbreakBench,creative_writing,creative_writing,0cea28cb7f5c130b70de3179dc25814b15230ab4ee87962561cc9bad09ab06e5,91,0,0,0,0,0,2
jbb_benign_0031,JailbreakBench,formal_academic,formal_academic,a02faa0e82da9682a5f95c0be1c9a6a9d528462be2c74089d0248a5467f329ce,68,0,0,0,0,0,0
jbb_benign_0032,JailbreakBench,creative_writing,creative_writing,35c486b6da99728b226255596e90101ed5914e5a260332f5906e4da21a8ed1d6,73,0,0,0,0,0,1
jbb_benign_0033,JailbreakBench,creative_writing,creative_writing,06ba32e5941a2a8cb4758ace7ca769318c9aa366aaa75ad1530ceb5ab9b85a8a,55,0,0,0,0,0,1
jbb_benign_0034,JailbreakBench,creative_writing,creative_writing,8fe92ebe98b942b5573c5b5980956e64c6d13b4bbc6e212278b4a931b06f0d72,91,0,0,0,0,0,1
jbb_benign_0035,JailbreakBench,formal_academic,formal_academic,85bc4216ac23bf524dfaa5f14734e24f712f4f9532e840e51ab41c3568462883,59,1,0,0,0,0,0
jbb_benign_0036,JailbreakBench,informal_colloquial,informal_colloquial,fbf0ec1674dd300bbb86568abf3279ed5f1312d475360f2aa163e7b12fa8a977,62,0,0,0,0,0,0
jbb_benign_0037,JailbreakBench,formal_academic,formal_academic,2cbfeb52009f51e2d590c0a40bdcd9b141c52e183d762bd7ee492b84bd7e6238,46,1,0,0,0,0,0
jbb_benign_0038,JailbreakBench,creative_writing,creative_writing,00908f39233e5727b061f197e1d0648b0a8c8f984da43b95c7b23efc645fdc72,78,0,0,0,0,0,1
jbb_benign_0039,JailbreakBench,medical_health,medical_health,658f9c82d630fee8c30fd5b70312bed810a8c8fa007b02195ed59602038115bd,88,0,0,0,0,0,0
jbb_benign_0040,JailbreakBench,informal_colloquial,informal_colloquial,add3e7344d8c9dfe7072568fe2a21c3488ecd1fb0c0f28107c362f294fa3cb1c,89,0,1,0,0,0,0
jbb_benign_0041,JailbreakBench,non_native_english,non_native_english,fd25825c567bb7d0ad6271f36de0c120e35f28585728893f62925f4e109f305b,83,0,0,0,0,0,0
jbb_benign_0042,JailbreakBench,medical_health,medical_health,cc8e3bcd26f1ece6d3ac70d3d3a8bc276e434c4b0cce95cb7a332fa012c72cdb,50,0,0,0,0,1,0
jbb_benign_0043,JailbreakBench,security_technical,security_technical,3523e45447d3c7f619c36fe6db5327985b114b63f63ce12223b90fcfa314da6f,70,0,0,0,0,0,0
jbb_benign_0044,JailbreakBench,creative_writing,creative_writing,4d6f40350a14641ef43da6ed81fc1fed54acc62e466e21f6c1472d30bdebb60b,83,0,0,0,0,0,2
jbb_benign_0045,JailbreakBench,creative_writing,creative_writing,45a6f6570ead2965a13ff4c1bbfd8b63f205b049de4c432f0acc09e09cf5aa1e,89,0,0,0,0,0,0
jbb_benign_0046,JailbreakBench,medical_health,medical_health,d2c68a12d43eb2e108d84312ed64fe4c3e4425d71aaaa73bf0884e84aea7f5bf,49,1,0,0,0,1,0
jbb_benign_0047,JailbreakBench,formal_academic,formal_academic,d8aa072594c37c277668cdc8c87609caa0001912356b83a8cfadaa55af79a782,83,0,0,0,0,0,0
jbb_benign_0048,JailbreakBench,creative_writing,creative_writing,972e36212b5e4f413e2d6fda2c05949d878406999a87b5938c2b6f3dafbf0fe1,67,0,0,0,0,0,1
jbb_benign_0049,JailbreakBench,security_technical,security_technical,85d2a68bcd7d5288390e6158d6ed07b4a636ac7bee69d3f3af90fbb503f315ea,91,1,0,0,1,0,1
jbb_benign_0050,JailbreakBench,informal_colloquial,informal_colloquial,13c68ea6b803005026330f85b3993d616c8f8989e4028166b4de9453dbb2cfb9,79,0,0,0,0,0,0
jbb_benign_0051,JailbreakBench,creative_writing,creative_writing,28ec228308d6c373d41536aa26712696510fb3c8c9d8394d3193307a876a8c96,72,0,0,0,0,0,1
jbb_benign_0052,JailbreakBench,medical_health,medical_health,3407cd090dbd6c33153300e9bf478a24085e21dc036bbf706450667cb4932b0e,85,0,0,0,0,0,0
jbb_benign_0053,JailbreakBench,creative_writing,creative_writing,62694dae7042e886223951afc0cdeef5cee6d6a534a544afab28954689e68014,71,0,0,0,0,0,1
jbb_benign_0054,JailbreakBench,creative_writing,creative_writing,7784494f8c8b98dcf48e4ba92bcc06101821b50e00b186ef5ca148ea57d29817,88,0,0,0,0,0,1
jbb_benign_0055,JailbreakBench,informal_colloquial,informal_colloquial,268c49f87a886d39259ef1d36b299cd02f3d2e5fe6a24484080cd9b11d52a7c6,101,1,1,0,0,0,0
jbb_benign_0056,JailbreakBench,non_native_english,non_native_english,db8b073537bce27cd9a49e08b97cdfee9226917d7f87b2acdeab323cc0f209dc,57,0,0,0,0,0,0
jbb_benign_0057,JailbreakBench,creative_writing,creative_writing,76c8639efcce9acd74c9fd725b1d95f886711c6ff344dc1493e8b950d1bbf28b,90,0,0,0,0,0,1
jbb_benign_0058,JailbreakBench,security_technical,security_technical,2246620736289ebc0eddce28390e59c3a74fd94c13b5c07fa2ae636748454e19,92,0,0,0,0,0,0
jbb_benign_0059,JailbreakBench,formal_academic,formal_academic,000643baf772f53a9a5cdd8f1abb455aec1dd1171cc28ebc154e1ef446118105,114,1,0,0,0,0,0
jbb_benign_0060,JailbreakBench,creative_writing,creative_writing,478c1feb81079e415c75220eb32a92046032393cb89add5e5e8921689c3bbf33,63,0,0,0,0,0,2
jbb_benign_0061,JailbreakBench,creative_writing,creative_writing,b5d83cc3a548f84653aaf4b1cc70d869c6ab4524176d36635cf2b85a681de6fd,84,0,0,0,0,0,0
jbb_benign_0062,JailbreakBench,formal_academic,formal_academic,b7e0647e8058700793f7a22e81979633b2445b53614a1599b88a7b55876f485b,73,0,0,0,0,0,0
jbb_benign_0063,JailbreakBench,informal_colloquial,informal_colloquial,f4a4ea797b6195cc61a302ac31136b310b21b1ddde3744641b362300056add95,79,0,0,0,0,0,0
jbb_benign_0064,JailbreakBench,creative_writing,creative_writing,dfd3fd7a6ce2178a746744f1f1159539526a3ffa21b4d9789eff472eb6175f53,69,0,0,0,0,0,1
jbb_benign_0065,JailbreakBench,creative_writing,creative_writing,22c756f1ef9b586b9a2504be7a97f18682d79785301f49e66548f45b2b3f29f4,77,0,0,0,0,0,3
jbb_benign_0066,JailbreakBench,medical_health,medical_health,2d1f05997dda0e70200483d9bb4016afc9f064a1fa62168a66c2791b16dce80b,51,0,0,0,0,0,0
jbb_benign_0067,JailbreakBench,creative_writing,creative_writing,404cffc5ee100219c1fae72ebb88d2324e8f84da0987d4429876af7dc3a4e2cc,94,0,0,0,0,0,1
jbb_benign_0068,JailbreakBench,creative_writing,creative_writing,c567f310d5a7b3ed19b4b7b49ba4e1324b89a2f2527cb89df7a2fd9a9b10bfba,75,0,0,0,0,0,3
jbb_benign_0069,JailbreakBench,creative_writing,creative_writing,5bff22c71dee8f68d710b35a734f3553128536deabc285fc1af822e22f66ba7a,76,0,0,0,0,0,1
jbb_benign_0070,JailbreakBench,creative_writing,creative_writing,b731a7ffc868fc334e9d26bbcd969d4db748d65e1a0ac0ed61e8cab6aa02949f,68,0,0,0,0,0,1
jbb_benign_0071,JailbreakBench,creative_writing,creative_writing,eee5cf7c382d61f7dc492277d2dc2b7866d5f7c77181ed7a9b616e03303ecde3,106,0,0,0,0,0,2
jbb_benign_0072,JailbreakBench,non_native_english,non_native_english,1ee5cc68d6e99ab8d9cc531b3a16a28b62a670d3ee6a2d861b23c40d9d9f7fba,87,0,0,0,0,0,0
jbb_benign_0073,JailbreakBench,security_technical,security_technical,58113471dedee4793d50f98d11bf8278351af1b85d48a625aed56abc02211490,82,0,0,0,0,0,0
jbb_benign_0074,JailbreakBench,medical_health,medical_health,7cc9c2934f91db795c0c20019982f1ce44366734621e43f4db27466dd1a0b329,70,1,0,0,0,1,0
jbb_benign_0075,JailbreakBench,creative_writing,creative_writing,698a0b61d1c63e9a105a7810a972de87bb74262def9077deaf53121e1e7d4be9,62,0,0,0,0,0,1
jbb_benign_0076,JailbreakBench,creative_writing,creative_writing,e2c74d4965fec191967998ece61767508f853d059dffec8cefa408973637bcc2,51,0,0,0,0,0,0
jbb_benign_0077,JailbreakBench,formal_academic,formal_academic,84b5d14d24f42a898108831ef7b55126e2f6bb28c3da31021f1bb4dc1cd9be25,60,1,0,0,0,0,0
jbb_benign_0078,JailbreakBench,security_technical,security_technical,8a302da55e82cdf48db6c31e13529c14a8f29c398f36e46ff358adc55d110813,71,0,0,0,1,0,1
jbb_benign_0079,JailbreakBench,formal_academic,formal_academic,887c964e02731d167333e0fd198403f11f69a456525440728abb3397bf5f72c2,52,1,0,0,0,0,0
jbb_benign_0080,JailbreakBench,formal_academic,formal_academic,53d62f5e041155f47ecb1ba76032cd9ef35fea75cb76b8f54cb016975be29766,62,0,0,0,0,0,0
jbb_benign_0081,JailbreakBench,medical_health,medical_health,5a3e502f32c2927a6167ca50c306732b198dfa22b4a055a5ad7674a440b13191,54,0,0,0,0,1,0
jbb_benign_0082,JailbreakBench,medical_health,medical_health,94b1d8031dba2689b5b038ceeb6797eca22f055a818a5eebcbf914f9ddcdef4c,57,1,0,0,0,1,0
jbb_benign_0083,JailbreakBench,informal_colloquial,informal_colloquial,52039af97d84ebfeb014ebf9db7b3eefbd04a5134d7dda89d364bdb2ff62d32f,87,0,0,0,0,0,0
jbb_benign_0084,JailbreakBench,medical_health,medical_health,b642e8e0fa00607ee66035d197aa1fcada9ba621e3e6deb56d4e1bf06447c362,52,0,0,0,0,0,0
jbb_benign_0085,JailbreakBench,non_native_english,non_native_english,36cf4929d722142331c881037bf31c579bc4af650fdfe095b548a4b77ca28afa,109,0,0,0,0,0,0
jbb_benign_0086,JailbreakBench,creative_writing,creative_writing,2353db7afd55ad363878efbeddd7f650fc313198b6606ceb9ae5c755a89d8ad9,88,0,0,0,0,0,1
jbb_benign_0087,JailbreakBench,security_technical,security_technical,26d0fd9a961abbc3213e0c7b2a86a01a8b73e010d4cd2c2f600d6acef5506675,45,0,0,0,0,0,0
jbb_benign_0088,JailbreakBench,formal_academic,formal_academic,0fa695e3dfc03a6e0372c022530fc5bbcb57be8f7c07f2e1677554e4f754201c,60,1,0,0,0,0,0
jbb_benign_0089,JailbreakBench,creative_writing,creative_writing,db59c328f5102be62248e6a1e8494973146dfd79cd7d23e9818fbae9594d57f0,89,0,0,0,0,0,0
jbb_benign_0090,JailbreakBench,formal_academic,formal_academic,52c0fca15d8056d04e1d3d8993410628ab5fa0c0ace82fd4724300951c78c42c,64,0,0,0,0,0,0
jbb_benign_0091,JailbreakBench,creative_writing,creative_writing,3fd043d9e15c1a1138e6084acd0d8ff803bc6612453590e2d0210c89395cce17,74,0,0,0,0,0,3
jbb_benign_0092,JailbreakBench,informal_colloquial,informal_colloquial,30f072565da00e16ca169f1bbd542b894faf781959d5d3c443d8b8c5bc985e9a,92,0,0,0,0,0,0
jbb_benign_0093,JailbreakBench,formal_academic,formal_academic,9b93d4b776186b890362ec7a60da94954388e6e70642c8bcae3826b63288c7b9,89,1,0,0,0,0,0
jbb_benign_0094,JailbreakBench,formal_academic,formal_academic,298f7267eda430cb77ca2cf2936e91ee19e33d0925ad5c621dfa1a6e7704633b,80,1,0,0,0,0,0
jbb_benign_0095,JailbreakBench,medical_health,medical_health,715a9693efdc6c1b449f363fed6ccfac61f5d05e447a86a471ebdfefee502239,78,0,0,0,0,0,0
jbb_benign_0096,JailbreakBench,non_native_english,non_native_english,49495ed218eef07410351c11eabf88b4b762fadd47dfa87c2ef5280a4702437a,71,0,0,0,0,0,0
jbb_benign_0097,JailbreakBench,security_technical,security_technical,2af8b6cb165bdb4aab7759e9396f1d592cb86263513a7463b33719924ead445c,97,0,0,0,0,0,0
jbb_benign_0098,JailbreakBench,informal_colloquial,informal_colloquial,b564225a06543dd7f1cbe9962a2626bfc70503b9eb85af2af4f38ad0f478e3b9,111,0,1,0,0,0,0
jbb_benign_0099,JailbreakBench,creative_writing,creative_writing,0114d579a827bb5fca64f4fc3a24fac4c021c2f1ba5e6dfd6e4c19dd26684c9b,67,0,0,0,0,0,2
jailbreakdb_regular_0003655,JailbreakDB-Regular,informal_colloquial,informal_colloquial,f3083ad1dca5f5588ea7899783b28c6de52e6b055ad8ef0d453ee413c9ca783b,819,0,2,0,0,0,0
jailbreakdb_regular_0003964,JailbreakDB-Regular,creative_writing,creative_writing,32ad9195661b6a967759f08b586b4804814c6b5971e88d8fb6ce265d919ed0a8,190,0,0,0,0,0,1
jailbreakdb_regular_0004697,JailbreakDB-Regular,creative_writing,creative_writing,f7179cd9b7b02212aa97ff04da406be018a208b98270c8f9d8eb916ac01ac33f,2359,0,0,0,0,0,1
jailbreakdb_regular_0008852,JailbreakDB-Regular,creative_writing,creative_writing,f5f28698e926bff4322374d3461f493bfa9cde6ea240fea61d17c283a567cc0c,585,0,0,0,0,0,1
jailbreakdb_regular_0008914,JailbreakDB-Regular,creative_writing,creative_writing,629e303dca8da5e6674fd22904dda14fecb45e9a13442604d3285064a276af6c,267,0,0,0,0,0,1
jailbreakdb_regular_0010183,JailbreakDB-Regular,formal_academic,formal_academic,2a7ba6cf3f21888d6f603713f9c05306b74540244017fa3b0b401c300c1de0c4,1306,1,0,0,0,0,1
jailbreakdb_regular_0017654,JailbreakDB-Regular,informal_colloquial,informal_colloquial,c64599489421a11816275509c8187f0d5b9681c986b877e04033a1ce471dfa06,55,0,1,0,0,0,0
jailbreakdb_regular_0024519,JailbreakDB-Regular,non_native_english,non_native_english,3b2e9d1c55216ad9e025e75a04874b3bc2237b8396fd4dcbb6dd532dc14fb165,107,0,0,0,0,0,0
jailbreakdb_regular_0028854,JailbreakDB-Regular,non_native_english,non_native_english,c6a23aa60d947f601cc85a5fa64887d6279ce57f63243beefcb0f73e9cd362f3,79,0,0,0,0,0,0
jailbreakdb_regular_0029031,JailbreakDB-Regular,non_native_english,non_native_english,c800bae642e3fd665f8369eb3270ce42d62a4aa5149329f374898adf4742136e,36,0,0,0,0,0,0
jailbreakdb_regular_0030413,JailbreakDB-Regular,non_native_english,non_native_english,ee55fe39369817c3b3eef2578e497e29a84b6e91abd55d48633c6d75f0130035,70,0,0,0,0,0,0
jailbreakdb_regular_0032395,JailbreakDB-Regular,medical_health,medical_health,9754ed1f27b0625043439e237ad11101b040061c49921c5ab91e99e2d4b52c98,57,0,0,0,0,1,0
jailbreakdb_regular_0036245,JailbreakDB-Regular,non_native_english,non_native_english,ace1686db21d7705449e8d02c64f684d5296030ec525e6c585185e5b5a7a71e8,67,0,0,0,0,0,0
jailbreakdb_regular_0041698,JailbreakDB-Regular,non_native_english,non_native_english,bc225ce87aa7780d7109f6fcd4c3a1ace2a34b6358f537ab9d7357909285da9d,102,0,0,0,0,0,0
jailbreakdb_regular_0044819,JailbreakDB-Regular,security_technical,security_technical,56d829ec0269fa23386a6431a9bcf481cc0baa9c29fbb77e4047275750d0d412,49,0,0,0,0,0,0
jailbreakdb_regular_0046382,JailbreakDB-Regular,non_native_english,non_native_english,7eb30c60d2d1de9cc8fa47dfe470814b50e69116fe6ecba2a89dc7a6eccb71e0,104,0,0,0,0,0,0
jailbreakdb_regular_0046718,JailbreakDB-Regular,security_technical,security_technical,702ed2d0b64da87300c27845c7554075f93ec15b57995c670d1d7daf948279ef,102,0,0,0,0,0,0
jailbreakdb_regular_0053320,JailbreakDB-Regular,non_native_english,non_native_english,81c529bf71625b009370b5e2a53ee2a725e434a40c37374d463541d7e3653a73,120,0,0,0,0,0,0
jailbreakdb_regular_0059036,JailbreakDB-Regular,security_technical,security_technical,2e566b2cfa1e8ece0c27e7580aadad3955bbfb3012b4a5e385d9970529e9775f,53,0,0,0,0,0,0
jailbreakdb_regular_0060210,JailbreakDB-Regular,non_native_english,non_native_english,4f4bcf6c93eaa6583612207a149a19832c808d915f94098c3fa45eceea697f32,67,0,0,0,0,0,0
jailbreakdb_regular_0060511,JailbreakDB-Regular,security_technical,security_technical,6b0143eb654b7efd17d5fd51a84413feb24a06eb297aabd1d23cdd3239c6fdd3,78,0,0,0,0,0,0
jailbreakdb_regular_0060657,JailbreakDB-Regular,non_native_english,non_native_english,bcf20c6455bc58dbe4bf7fbb9c55be7b1d54987021db78dfc0d2b9d7940c5c3d,118,0,0,0,0,0,0
jailbreakdb_regular_0062202,JailbreakDB-Regular,security_technical,security_technical,e6b71c8386a1101ef8edeb946dc5f6c487f1e11218bc06481a698215ac74d1f0,69,0,0,0,0,0,0
jailbreakdb_regular_0064110,JailbreakDB-Regular,non_native_english,non_native_english,7809183c889a27e7a0aacf009e1cffe1fb04d9f7ed0ccc5bc1c85662a21a9864,123,0,0,0,0,0,0
jailbreakdb_regular_0065255,JailbreakDB-Regular,security_technical,security_technical,2e4d8f5b5187453bb4d3568d5a21a79995973c2c6b07d95fc973c5aa5ad279f9,101,0,0,0,0,0,0
jailbreakdb_regular_0066337,JailbreakDB-Regular,security_technical,security_technical,b415dab5bbf389c4308887057fe24a88b59928cda2f83692b3aa49fdfefa5618,94,1,0,0,1,0,0
jailbreakdb_regular_0066843,JailbreakDB-Regular,non_native_english,non_native_english,0ce2d80aa07bfb5a73cd22b33322a260b7bb974cbf602a8c107d4921d63cc073,53,0,0,0,0,0,0
jailbreakdb_regular_0067815,JailbreakDB-Regular,informal_colloquial,informal_colloquial,a43fb71fa7d55b5173fbcc99db1377ce6462ad04d36e8279cbeb5dd0f7e27ffe,396,1,2,0,0,0,2
jailbreakdb_regular_0068245,JailbreakDB-Regular,security_technical,security_technical,8bd147657e281f0752951707034659b7324518cbe41f875b6eb6f121a3b05817,771,0,0,0,0,0,0
jailbreakdb_regular_0071161,JailbreakDB-Regular,security_technical,security_technical,fe9acdf4f55dfa1764ccc59b980dae4ad989e1378f9cc34cb317600eae806f3b,771,1,0,0,1,0,0
jailbreakdb_regular_0078325,JailbreakDB-Regular,security_technical,security_technical,2a18cedc26199ee0eff82500f85f576d1ec5f1056b21e7ef6d1f51c0998fd5d1,417,0,0,0,1,1,1
jailbreakdb_regular_0079323,JailbreakDB-Regular,medical_health,medical_health,4044813f4668f6e6c34841e8c61877bfc5cf4fe464f7073e029a0b25c6958c78,546,0,0,0,0,0,0
jailbreakdb_regular_0081800,JailbreakDB-Regular,creative_writing,creative_writing,d1e85a26bc0c1a21f8c99e8ae408b1dc70d1cc7f6bd23753545afa168b93fceb,746,0,0,0,0,0,1
jailbreakdb_regular_0082605,JailbreakDB-Regular,formal_academic,formal_academic,21662c5a89bc0c7808cf2be64fc4d5b17e1527ad743a0ae84f592b0bbaba6216,1044,2,0,0,0,0,0
jailbreakdb_regular_0082998,JailbreakDB-Regular,creative_writing,creative_writing,5798e54c690d92f285e6a541af84176921378111e2304c678d67919fc9f03725,804,0,0,0,0,0,2
jailbreakdb_regular_0083503,JailbreakDB-Regular,non_native_english,non_native_english,67cb211504b7ccc86cbdce5921cecd3b5d00e9f6039ff2941e8eaa8844d79071,764,0,0,0,0,0,0
jailbreakdb_regular_0083926,JailbreakDB-Regular,security_technical,security_technical,45e072e80f29075846992398587b2b067eaf487a5d082c6f75e6f4de48231bc1,849,0,0,0,0,0,0
jailbreakdb_regular_0086673,JailbreakDB-Regular,creative_writing,creative_writing,5ba2731f0cd24547010391e2db9d1dad149d89d2ffaa7e63fdb4de2434c20d2d,741,0,0,0,0,0,1
jailbreakdb_regular_0087543,JailbreakDB-Regular,medical_health,medical_health,718254716642e5f953431cabc4ac2115290802a016b492dcdff780db2c0b6283,562,0,0,0,0,0,0
jailbreakdb_regular_0087960,JailbreakDB-Regular,formal_academic,formal_academic,093cc3155f5a7b980f8bba125fed81a86063765f208e47fcbd2f562c697b7dea,482,1,0,0,0,0,0
jailbreakdb_regular_0089947,JailbreakDB-Regular,formal_academic,formal_academic,5c33a770fb09b6c06a0d2a0883514a3ece06a861e80e10369d2a30b51af13ddb,801,1,0,0,0,0,0
jailbreakdb_regular_0090975,JailbreakDB-Regular,creative_writing,creative_writing,a7c2ef6d6f1fa0a8fdb813f317c7622a3f10f3210cf1449adab3aee9f4b0d7c4,634,1,0,0,0,0,2
jailbreakdb_regular_0090984,JailbreakDB-Regular,creative_writing,creative_writing,3b09c40c4f2597d4ddd854ef143d0f730a2440ea51b8353e427b6b3b7a891d52,494,0,0,0,0,0,1
jailbreakdb_regular_0091307,JailbreakDB-Regular,non_native_english,non_native_english,c84a6f4f17fe9184646a2250e51dcbd043272b1e77d5e1b7eb7ac760f54d437e,589,0,0,2,0,0,0
jailbreakdb_regular_0092061,JailbreakDB-Regular,non_native_english,non_native_english,3b498459d92c56f7a9ab26532947bb4538446e7bb3c3f574c736d638c110055f,286,0,0,0,0,0,0
jailbreakdb_regular_0100633,JailbreakDB-Regular,security_technical,security_technical,7cbf0ca00aabc1d60d9771db448d01e356764d9cdf4124558bcfa65fca5780a7,1071,0,0,0,0,0,0
jailbreakdb_regular_0101532,JailbreakDB-Regular,medical_health,medical_health,2ea5ce306afecb9193cd4d2f163831c9987339c36f2bcd0a810a7925d7ec7681,475,0,0,0,0,0,0
jailbreakdb_regular_0103430,JailbreakDB-Regular,security_technical,security_technical,8e49ac53b6148a824e575e1e8a40e85b3fe83023bb071f5b84ee5b3e3d510cbc,2551,0,0,0,1,0,1
jailbreakdb_regular_0103851,JailbreakDB-Regular,creative_writing,creative_writing,fe1c8f465a7787ff849a3f022db767bd7160f916e0bbe7e0107a525c32829939,1423,0,0,0,0,0,2
jailbreakdb_regular_0103965,JailbreakDB-Regular,formal_academic,formal_academic,17f1e2aa94291f2332162405e9dcf447120e680edf434782e158dbe7bb6224cc,860,1,0,0,0,0,0
jailbreakdb_regular_0104925,JailbreakDB-Regular,medical_health,medical_health,a8566a1410c182cba74a0436ef21bdd57bebf3d755b525aec86bf210a6481ea2,1484,2,0,0,0,2,1
jailbreakdb_regular_0112589,JailbreakDB-Regular,informal_colloquial,informal_colloquial,3c37fac09840a7de8aa63f44c5278e78816c1fcad2bd3b7048f6357ca7ad3b59,730,1,2,0,0,0,0
jailbreakdb_regular_0115660,JailbreakDB-Regular,creative_writing,creative_writing,03bcde4e6a64838087a720aa7afa0d5194f322062bc0192ac59f80f347d47ef4,535,0,0,0,0,0,1
jailbreakdb_regular_0119233,JailbreakDB-Regular,non_native_english,non_native_english,6f67a0cf40305ac3e8b2a09b8d34e5bc1799ebd28e9f462f443551c6d29d2168,547,1,0,2,1,0,0
jailbreakdb_regular_0119761,JailbreakDB-Regular,formal_academic,formal_academic,78ba2733e52245e0f394a5e8e3f32143a77c0201558aeb2ca8da9a3b6033c4af,757,1,0,0,0,0,0
jailbreakdb_regular_0121698,JailbreakDB-Regular,non_native_english,non_native_english,652316b55902c5fdbbc6ae4d184bfc7230e0e4fe6316753bff3adf77209077b6,668,0,0,2,0,0,2
jailbreakdb_regular_0123574,JailbreakDB-Regular,non_native_english,non_native_english,8091ced376fbc0e0ccc97d64537bc619bb11bf0d3b7c47a3f3d36ec345066702,582,1,0,2,0,1,0
jailbreakdb_regular_0124895,JailbreakDB-Regular,medical_health,medical_health,bb74471ea634ca1604fd0b450d2b9fea40497d7709aa152ce28cca7d7f9988c3,545,0,0,0,0,1,1
jailbreakdb_regular_0126968,JailbreakDB-Regular,non_native_english,non_native_english,1fe1372626d91e7f6b2644721adf8438462bd72310575ad7616263d61dd97557,1738,0,0,0,0,0,0
jailbreakdb_regular_0130012,JailbreakDB-Regular,security_technical,security_technical,dee66fd32e44ad7d33a9e3a9d57acabfdab5680e7cbf556db06533d3cf38575c,854,0,0,0,0,0,0
jailbreakdb_regular_0143687,JailbreakDB-Regular,informal_colloquial,informal_colloquial,ad4392da61c6153d7057e10ca1c55aae14976783cc24b39dab52f9c39daac448,465,0,2,0,0,0,2
jailbreakdb_regular_0146841,JailbreakDB-Regular,medical_health,medical_health,40e61686ab7d5cb3b54d39812958cc7d42399844f93d7671ab3fcb83c8fd3836,230,0,0,0,0,0,0
jailbreakdb_regular_0147507,JailbreakDB-Regular,non_native_english,non_native_english,0a87fe7d31696f38ca8b5d2abf3e183be54f1c8639069260b26f5102d8ff8dbe,149,0,0,0,0,0,0
jailbreakdb_regular_0149311,JailbreakDB-Regular,security_technical,security_technical,d61573b61698e68bd794c7a9f642418ceaf7429636e5c4be909e3952795fb8b3,48,0,0,0,0,0,0
jailbreakdb_regular_0150836,JailbreakDB-Regular,medical_health,medical_health,1f3d3565a97dd760d5d00d635381e44f0f30c9cc5ef1ffb121cdfe10658eaf37,33,0,0,0,0,0,0
jailbreakdb_regular_0152658,JailbreakDB-Regular,non_native_english,non_native_english,39ac8c8cecf552c3db248f9ca19625bf53cf10793ab2a136abcf07d99a66a432,162,0,0,0,0,0,0
jailbreakdb_regular_0152899,JailbreakDB-Regular,creative_writing,creative_writing,713d36e0678bd7b79be96ba393a0abc3668c99626a73669dfb55b42ff813173a,291,0,0,0,0,0,1
jailbreakdb_regular_0153057,JailbreakDB-Regular,security_technical,security_technical,78f071ce3630c663f65c214d15a1bab1290919711e05e031f4c4b609fa8805ca,139,0,0,0,0,0,0
jailbreakdb_regular_0154414,JailbreakDB-Regular,informal_colloquial,informal_colloquial,36c39365ed7c89bac68b2053563a226c82a5c4c00fa3dbff85958448db966e97,231,0,0,0,0,0,0
jailbreakdb_regular_0156993,JailbreakDB-Regular,medical_health,medical_health,af9d8157b65b3f5837c86943e26d1a7e3e0a64a54d36cba5ba2b7d6bab0fec85,172,0,0,0,0,0,0
jailbreakdb_regular_0158917,JailbreakDB-Regular,informal_colloquial,informal_colloquial,9757971e5111f32f6cbfe5fdfc9012e3ac942ad1ce254a49320ec24f3a369167,12182,1,1,0,0,0,0
jailbreakdb_regular_0165186,JailbreakDB-Regular,non_native_english,non_native_english,f3631fde13e94dfcff25230ff4317c21b67fb5100710316db10276dbd88cfdce,198,0,0,0,0,0,0
jailbreakdb_regular_0165334,JailbreakDB-Regular,medical_health,medical_health,0c5e4760ba7ac301e2eea5c517d32e93801050adf3fed230e58820e4924c7e28,11820,0,1,0,0,2,1
jailbreakdb_regular_0165968,JailbreakDB-Regular,security_technical,security_technical,2a7910a1e826c7020f93308945d4ef8562d6b56bc9c8df075b78dd2cacc690ae,83,0,0,0,0,0,0
jailbreakdb_regular_0166178,JailbreakDB-Regular,informal_colloquial,informal_colloquial,58ded3557ae374336bc95d0fc3249b248e327bb552184139d2bb50c18fcec2ef,122,0,0,0,0,0,0
jailbreakdb_regular_0166591,JailbreakDB-Regular,creative_writing,creative_writing,f3fecdad386fc18f5b88d845c8ed110f3ff5250e67cb6dac100e25156f8e42af,1121,0,0,0,0,0,2
jailbreakdb_regular_0167726,JailbreakDB-Regular,medical_health,medical_health,51cc548aa2263dafc238728734640d9ad33ca3fef8414094f8b28ceb1df3371f,244,0,0,0,0,0,0
jailbreakdb_regular_0168320,JailbreakDB-Regular,creative_writing,creative_writing,6cd4b9cce002ffcd8337c9fba2d8d35bd0a548df5b7ae54bc8859af28dd5662c,169,0,0,0,0,0,1
jailbreakdb_regular_0168461,JailbreakDB-Regular,non_native_english,non_native_english,095caa4854273ccdb1b51717b34101a3df8b4c8015342ffb33ecd2b93fca6a0e,1622,0,0,0,0,0,0
jailbreakdb_regular_0168637,JailbreakDB-Regular,security_technical,security_technical,dc86f62c8a141dd5542bc3ccd3288ce089e50073f5e5849c50b6230accf5cb91,157,0,0,0,0,0,0
jailbreakdb_regular_0169909,JailbreakDB-Regular,informal_colloquial,informal_colloquial,68a8e827509509589dda52f4e6176d8f433ceb932c287962a080266fd87a0b82,190,0,0,0,0,0,0
jailbreakdb_regular_0170395,JailbreakDB-Regular,creative_writing,creative_writing,11a83371c07a3e910127e1db07ab38a8bc7ee8d4caadc36ac0b53bdc45c44e16,75,0,0,0,0,0,2
jailbreakdb_regular_0170742,JailbreakDB-Regular,medical_health,medical_health,bea02abd27f51546e1a11168a7db754ad0af02d6e03b9a5d4873726ca82cb99b,126,0,0,0,0,0,0
jailbreakdb_regular_0175456,JailbreakDB-Regular,non_native_english,non_native_english,c28f925f6a7a6ebd45ac5fa52755a728c20c90ba992f4ea21d8c6acd2ec2017e,601,0,0,0,0,0,0
jailbreakdb_regular_0180327,JailbreakDB-Regular,security_technical,security_technical,203804024899cfbf9693376eb7f7e3f818ee6f1eb95827f150b845050f7e2911,176,0,0,0,0,0,0
jailbreakdb_regular_0180835,JailbreakDB-Regular,informal_colloquial,informal_colloquial,c422dd4f32b5b7c2ec222e33056c020dacf419e8bc9ad057fa44b2721bbc22aa,112,0,0,0,0,0,0
jailbreakdb_regular_0180843,JailbreakDB-Regular,medical_health,medical_health,f68687f01dc9c080772b093af785c2f981d6676bfc6ce617353f560c12ac20a7,308,0,0,0,0,0,0
jailbreakdb_regular_0181110,JailbreakDB-Regular,non_native_english,non_native_english,ea4a668914de9ccc8347f392c6dbe5abdc5a014202309b3e1439c5e099573e25,145,0,0,0,0,0,0
jailbreakdb_regular_0181457,JailbreakDB-Regular,security_technical,security_technical,fabc6a4da728b946b98b75271734514d25bd4a5609bf19cab58a43075087fe68,160,0,0,0,0,0,0
jailbreakdb_regular_0182445,JailbreakDB-Regular,informal_colloquial,informal_colloquial,53df15d33712f3f461007a32b0a4ff02f980591fd4926e0da753af23517f9efe,96,0,0,0,0,0,0
jailbreakdb_regular_0188413,JailbreakDB-Regular,medical_health,medical_health,be2ed43c234252e66bcc030fda991f6b3690a36978730ce715eac89410736bec,166,0,0,0,0,0,0
jailbreakdb_regular_0188882,JailbreakDB-Regular,non_native_english,non_native_english,f99a8bd3ea9ec1903fd657967126a084ce2d71f154e18a12f012e55c7775bdc3,98,0,0,0,0,0,0
jailbreakdb_regular_0191974,JailbreakDB-Regular,security_technical,security_technical,c2fc793fdfa0be8fac9d228dde145eef84155e850069aa74a22a0b2fbc400646,201,0,0,0,0,0,0
jailbreakdb_regular_0196501,JailbreakDB-Regular,informal_colloquial,informal_colloquial,b4e0af1932c824f45dc4558f257ea83e7dee4eada77de471950d1140fb1dd2b7,242,0,0,0,0,0,0
jailbreakdb_regular_0198359,JailbreakDB-Regular,formal_academic,formal_academic,1903d4d0149e835032d4c89eb1afdb25eb3be8204ed1c230025e9e005d21d13e,167,1,0,0,0,0,0
jailbreakdb_regular_0199401,JailbreakDB-Regular,medical_health,medical_health,f5ae49105ab1b56b482295e70ba656a5928d436b49624f90243d119a7e3f8336,77,0,0,0,0,0,0
jailbreakdb_regular_0199877,JailbreakDB-Regular,non_native_english,non_native_english,c3fcac2eb13e3552cddf9d27b1efdb8a3e0ddc535077209e9a62970b1da8accc,26,0,0,0,0,0,0
jailbreakdb_regular_0203835,JailbreakDB-Regular,security_technical,security_technical,469a80673b5c1c1bf86c02ba1a69e593152520d1306e7cb1c31b2fe320471d52,34,0,0,0,0,0,0
jailbreakdb_regular_0204568,JailbreakDB-Regular,informal_colloquial,informal_colloquial,c24370de7d867aa4a55946d62b7e4e9c8dea94277baefd4e6d3d0b974bd085a3,282,0,0,0,0,0,0
jailbreakdb_regular_0205319,JailbreakDB-Regular,medical_health,medical_health,404d785eb64a13a1c63b51b8b12cfd62c7c745329616503372dfe2e1872151d8,328,0,0,0,0,0,0
jailbreakdb_regular_0214572,JailbreakDB-Regular,non_native_english,non_native_english,89bf456a04ead81cdba73ac4d20ddfcceacffd58e0eaff4beca4408a8f7c0bed,367,0,0,0,0,0,0
jailbreakdb_regular_0215471,JailbreakDB-Regular,security_technical,security_technical,10af8efce942638b7348d4f2be604064f35e38f72934d4f21e3c9be4ca4cdcb1,521,0,0,0,0,0,0
jailbreakdb_regular_0221528,JailbreakDB-Regular,informal_colloquial,informal_colloquial,fac3be8498fa7c01e366385e2af3495f2bd75f8beab48b232f66aa40b317d27c,641,0,0,0,0,0,0
jailbreakdb_regular_0223927,JailbreakDB-Regular,informal_colloquial,informal_colloquial,ca21a3ffc7e10cafdc68f604ae638348b8025e7b3aebdf7bf7873bd837bcb905,689,0,1,0,0,0,0
jailbreakdb_regular_0223988,JailbreakDB-Regular,medical_health,medical_health,75a44298c4d01721d842f2817788a1b1e0ba7d1621331be1e48d4c522402fb40,254,0,0,0,0,0,0
jailbreakdb_regular_0224036,JailbreakDB-Regular,non_native_english,non_native_english,3d750d08695526ba2476bba38041fe86a236555969d338953f2e6cb2f4020c52,116,0,0,0,0,0,0
jailbreakdb_regular_0224139,JailbreakDB-Regular,security_technical,security_technical,2a564a67beb9844d4512a15b5f26f2c838b8e2a3cfa53290830296e8c1379db9,495,0,0,0,0,0,0
jailbreakdb_regular_0226691,JailbreakDB-Regular,informal_colloquial,informal_colloquial,b0dd1500dc1c294e24f8319b7f9f243af8edbd4f0fbad7e29358bcb121cbe7c1,100,0,0,0,0,0,0
jailbreakdb_regular_0227886,JailbreakDB-Regular,medical_health,medical_health,b02880aa8bbdcb19c251639519cdcfd68096332320c82f7894cfd62b8e238fbe,189,0,0,0,0,0,0
jailbreakdb_regular_0230942,JailbreakDB-Regular,non_native_english,non_native_english,d9b3dce3cf61a7141678bd28c91d4eb622c369cc5aed82ee7f373934ba53b45a,142,0,0,0,0,0,0
jailbreakdb_regular_0234661,JailbreakDB-Regular,security_technical,security_technical,aca182fa8aa42fef18dc3b0368cb052cfc733c8207c3b6a63c3c1504f9723e55,596,0,0,0,0,0,0
jailbreakdb_regular_0240870,JailbreakDB-Regular,formal_academic,formal_academic,ba02340f050c530c8968e6e11fad0f9384fe976f6e67aee39badf16c5d9e731a,286,1,0,0,0,0,0
jailbreakdb_regular_0243037,JailbreakDB-Regular,informal_colloquial,informal_colloquial,4a8a0574b3f9733c758e4d4b058d31928aec52eef6204cd53aea62bd126f0c37,309,0,0,0,0,0,0
jailbreakdb_regular_0244871,JailbreakDB-Regular,medical_health,medical_health,43564e8631b6fec0e8caa2f2a9efe2e0e8a311f54ecce445ecf02852ae321919,121,0,0,0,0,0,0
jailbreakdb_regular_0245998,JailbreakDB-Regular,non_native_english,non_native_english,d7409a91c9bc75a7519a9658ec57be054e371e0e314924e8b534727cebb2b4d9,234,0,0,0,0,0,0
jailbreakdb_regular_0246669,JailbreakDB-Regular,security_technical,security_technical,5b443b0e5da41327931792d181cb207b9f107513784586883d14bb8a98e84694,190,0,0,0,0,0,0
jailbreakdb_regular_0249496,JailbreakDB-Regular,informal_colloquial,informal_colloquial,4d6f1d9c1f55c85bf9181f5c941e12c13ff9a919098b6a619b0f230dffae3af8,99,0,0,0,0,0,0
jailbreakdb_regular_0250474,JailbreakDB-Regular,medical_health,medical_health,3c5df4455900e795ebf582492a67ac4fea668dfffb5268f5c4452f89884c71d7,104,0,0,0,0,0,0
jailbreakdb_regular_0252530,JailbreakDB-Regular,non_native_english,non_native_english,82fcdce662e4169bb8a1c28a8870ad8f263d5695217272d6ba456945aaff6b7c,123,0,0,0,0,0,0
jailbreakdb_regular_0259153,JailbreakDB-Regular,creative_writing,creative_writing,dada862178b1a96b283c999118afc8ae3597c5f46fd7b4feccbca5fc8771be2b,216,0,0,0,0,0,1
jailbreakdb_regular_0259188,JailbreakDB-Regular,security_technical,security_technical,54e53ef05bbd8c898995ac39cf7ef3254e40b208f2a0c8d3c78ce9ba7620af6b,356,0,0,0,0,0,0
jailbreakdb_regular_0259967,JailbreakDB-Regular,informal_colloquial,informal_colloquial,630af8a3fd2e7f4c2a8d9774d674f06676f6cc43e696bbb7c8c0c7396f35ee5e,1243,0,0,0,0,0,0
jailbreakdb_regular_0260874,JailbreakDB-Regular,medical_health,medical_health,96c350880d3cfba3dacd42053a4348b1d83e5adc756055ce79ae2a4774322502,21,0,0,0,0,0,0
jailbreakdb_regular_0262556,JailbreakDB-Regular,security_technical,security_technical,b0794bc6c07277c1fd2390fa0469c112471cb3a2fad7ef9f5f51e2ac05a88edd,86,0,0,0,1,0,0
jailbreakdb_regular_0264305,JailbreakDB-Regular,non_native_english,non_native_english,ae41c68d18e026aebda159d533bf4df9832077c7640b3dcbaa2be10f62ce2c44,72,0,0,0,0,0,0
jailbreakdb_regular_0267739,JailbreakDB-Regular,security_technical,security_technical,5888189c30e0fb3fc2d1ce7b11b482c9814959199acd96290c2c0db1a46edb17,124,0,0,0,0,0,0
jailbreakdb_regular_0268430,JailbreakDB-Regular,informal_colloquial,informal_colloquial,1723cb0c226b4e2e778054942dcfca366a14bb7599cc8f2ca8c12231bd0d917f,259,0,0,0,0,0,0
jailbreakdb_regular_0272111,JailbreakDB-Regular,medical_health,medical_health,3c054e3df9ceb9aca503c183e8a2d1f0d38459e70631263530fec23400188079,36,0,0,0,0,0,0
jailbreakdb_regular_0273236,JailbreakDB-Regular,non_native_english,non_native_english,023c40b8ab87edbb3bb7e4ce088da2bae2031ecc0a612fbe33f51b5e9417f63a,58,0,0,0,0,0,0
jailbreakdb_regular_0273787,JailbreakDB-Regular,security_technical,security_technical,e05613659a55072629e90f96bef6a7cca508df6d09590fe8f56467464fb432af,59,0,0,0,0,0,0
jailbreakdb_regular_0274095,JailbreakDB-Regular,informal_colloquial,informal_colloquial,855a7814ec3710a200f923405e360840f180c57ca5a8c7be3df9b1385f483667,58,0,1,0,0,0,0
jailbreakdb_regular_0275370,JailbreakDB-Regular,informal_colloquial,informal_colloquial,a7f973d6efc22a5a5b3d7586dbaf20589eec31730fe0d7ec19eb3781f2f46415,44,0,0,0,0,0,0
jailbreakdb_regular_0276509,JailbreakDB-Regular,creative_writing,creative_writing,b03e56a5086816c5781ea9fbe6d054df3d2e991cce3bd4389677adcb3e53b71e,89,0,0,0,0,0,1
jailbreakdb_regular_0276813,JailbreakDB-Regular,creative_writing,creative_writing,1641fe1be1915a441cdd7677e76e3d54e9fa1f0943d24409053790a824f3b3b7,427,0,0,0,0,0,1
jailbreakdb_regular_0277295,JailbreakDB-Regular,medical_health,medical_health,56cd7b3e252f11d4cd72859bfae83c34b99ab7760eb75a4d7e6059f70ad09c03,24,0,0,0,0,0,0
jailbreakdb_regular_0277688,JailbreakDB-Regular,non_native_english,non_native_english,0a02b2bafebaaf478ee2ab8dabbfecd2477781b20a5317b9d3a36399ddbcb354,52,0,0,0,0,0,0
jailbreakdb_regular_0280672,JailbreakDB-Regular,security_technical,security_technical,68872b4919dc857e9ae20635dffe783b9ac9feb60ec8b087395c063c9a5b57d7,54,0,0,0,0,0,0
jailbreakdb_regular_0286305,JailbreakDB-Regular,informal_colloquial,informal_colloquial,3d0a2ab79e4754668a7f5ad1373980fc5f41dcec76493656f73daf0ee74c3482,67,0,0,0,0,0,0
jailbreakdb_regular_0289673,JailbreakDB-Regular,medical_health,medical_health,2cad6f4c1a6dd1da29566a44004049b8148e392e333d7600aa149c6fb342a7f9,135,0,0,0,0,0,0
jailbreakdb_regular_0291058,JailbreakDB-Regular,creative_writing,creative_writing,2280c155aea824edaec15a62ba01d1844cc168dca7f8ef00fd29775f3c32ab5e,91,0,0,0,0,0,1
jailbreakdb_regular_0292475,JailbreakDB-Regular,non_native_english,non_native_english,959b5b6186fa74165ad5fc35d83a56efb2c8ca3cb2898b68eb6eff99f293738a,31,0,0,0,0,0,0
jailbreakdb_regular_0294656,JailbreakDB-Regular,security_technical,security_technical,17e999b99b408e365603f8c0cae183d253941b8f3650396d00243e5479157a98,43,0,0,0,0,0,0
jailbreakdb_regular_0300334,JailbreakDB-Regular,informal_colloquial,informal_colloquial,89daa7048172ed7434df5121118fbc23d118aca3060718ddcdeff786ad53768d,72,0,0,0,0,0,0
jailbreakdb_regular_0300823,JailbreakDB-Regular,medical_health,medical_health,b0cfdb15027e584019db2207b9d1ffff0cf000fa60fe04c29c1548c29a08af72,62,0,0,0,0,0,0
jailbreakdb_regular_0300922,JailbreakDB-Regular,non_native_english,non_native_english,49cccce670bea22430f95694e549f1b5175ec5f800324442cd388bc438bb18cb,112,0,0,0,0,0,0
jailbreakdb_regular_0302988,JailbreakDB-Regular,security_technical,security_technical,9df9dbb9ca0b36d2f3f5b352d15b8686c535e084182e5bd8b8772f5e32731854,88,0,0,0,0,0,0
jailbreakdb_regular_0306227,JailbreakDB-Regular,formal_academic,formal_academic,b9df8629731067f35d7f64fcde5700b4f825732533ec5215c5c52db5154a61cb,578,1,0,0,0,0,0
jailbreakdb_regular_0317386,JailbreakDB-Regular,informal_colloquial,informal_colloquial,1d2b1cf79ee54fa6a90516d8873eea0ffa8c82d8ed3b59f1310e17accf5a49d9,283,0,0,0,0,0,0
jailbreakdb_regular_0321276,JailbreakDB-Regular,medical_health,medical_health,d5d4256407be221f69d7c15bd5abb13cde8297d867067ae2a39ff26a1250f13d,329,0,0,0,0,0,0
jailbreakdb_regular_0322262,JailbreakDB-Regular,non_native_english,non_native_english,2bf423b9fa2a470f16f3fe387f7725abb0ad6bb339577b4a1e87c0a934e20ff4,213,0,0,0,0,0,0
jailbreakdb_regular_0324015,JailbreakDB-Regular,medical_health,medical_health,7e7b99644c96b6b48f0174734d71c013db1ce1f2a25866cb013001f0be9369af,594,0,0,0,0,1,0
jailbreakdb_regular_0331431,JailbreakDB-Regular,formal_academic,formal_academic,d5f68837fd95f6d74185da67af06bd027e266991610fd299062b935f0b5267d4,917,1,0,0,0,0,1
jailbreakdb_regular_0331433,JailbreakDB-Regular,security_technical,security_technical,9e8205cae001261921034afc1d8e1c7580fc13403f8e96f2991c8bfbc56b7331,234,0,0,0,0,0,0
jailbreakdb_regular_0332250,JailbreakDB-Regular,informal_colloquial,informal_colloquial,b8510dc19fc4497a3ec9f1bc0bbd2319edfdd3bbe3893fc5f06eaae21c2c91a2,418,0,0,0,0,0,0
jailbreakdb_regular_0333405,JailbreakDB-Regular,medical_health,medical_health,8f9c387227d17bb8b9c52238914d1608d9248e2015dc0acee2ceea8582c9a66c,693,0,0,0,0,0,0
jailbreakdb_regular_0334319,JailbreakDB-Regular,non_native_english,non_native_english,8cadd5e0e87959ac73489bf8e94da72ab2f1567a8347104a5f6cb589bcc16cad,740,0,0,0,0,0,0
jailbreakdb_regular_0334532,JailbreakDB-Regular,formal_academic,formal_academic,f8ea5ee1ed2ab6f8676697f09fe51089dc173ac3d617d65809651d1568ebd2bf,674,1,0,0,0,0,0
jailbreakdb_regular_0336148,JailbreakDB-Regular,security_technical,security_technical,fc8e5b0a23a24ca9289a60871d5202261d335f4b51c3ab3aade935c8e6bf95bd,263,0,0,0,0,0,0
jailbreakdb_regular_0337399,JailbreakDB-Regular,informal_colloquial,informal_colloquial,f90505cbe5e6763e408a7bd2ab87c80a94167164b0f460b397d411b4d3c8c63d,1626,0,0,0,0,0,0
jailbreakdb_regular_0338377,JailbreakDB-Regular,non_native_english,non_native_english,381427492e72f92370e43d6b57809e3a421935095f24d81f02c437364ba8e0cc,384,1,0,1,0,0,1
jailbreakdb_regular_0339242,JailbreakDB-Regular,medical_health,medical_health,edee284b00d9603c5bcb2972350aa20b6cac0d7a754937d9bac7f88b46649001,636,0,0,0,0,0,0
jailbreakdb_regular_0344656,JailbreakDB-Regular,non_native_english,non_native_english,563a9eeb8a48c200918dceb360abce3d7a8043ec1d0f7d0f069b1f9873bb648d,4065,0,0,0,0,0,0
jailbreakdb_regular_0345238,JailbreakDB-Regular,security_technical,security_technical,863405177010c807c1b1ac785a4b5378d6c070b08311284b02da47db865f1d17,621,0,0,0,0,0,0
jailbreakdb_regular_0352061,JailbreakDB-Regular,informal_colloquial,informal_colloquial,08a920eba5582252744ee9678b525fd757f8ed1f9f7cfe5a7f6d1ab2cc31189b,406,0,0,0,0,0,0
jailbreakdb_regular_0352491,JailbreakDB-Regular,medical_health,medical_health,5dee9bd19d36ceca36d7d930729752c30044d3d05e81ef13f03a68f7e415f931,918,0,0,0,0,0,0
jailbreakdb_regular_0353860,JailbreakDB-Regular,non_native_english,non_native_english,7fed674ba1033097ca59fd0aa3a703eeae34548503d4cfc6e8b3e02ab54b194d,210,0,0,0,0,0,0
jailbreakdb_regular_0354332,JailbreakDB-Regular,security_technical,security_technical,56297d7d9b7147e5dbdba5805311a12e4d0ccfbb6d54834aab4d0320e534beff,676,0,0,0,0,0,0
jailbreakdb_regular_0355045,JailbreakDB-Regular,formal_academic,formal_academic,a3f8818826305ad93050c0a830d953b53291d5ed34741cde4578e69e6985edf7,2080,0,0,0,0,0,0
jailbreakdb_regular_0356278,JailbreakDB-Regular,informal_colloquial,informal_colloquial,5e2e5a39058c3dc3921870a7bd51e7b35ce23dbd621d1bf82af134b6c3771e4f,733,0,1,0,0,0,0
jailbreakdb_regular_0362092,JailbreakDB-Regular,informal_colloquial,informal_colloquial,4b434329262c4b736c931a5473ae398d24733033487d8d4ada90c07d13101390,1039,0,0,0,0,0,0
jailbreakdb_regular_0362235,JailbreakDB-Regular,medical_health,medical_health,9f83fa63a005316980df1e1042c8d4f5b31c2b20861d16256c37c6c699242458,304,0,0,0,0,0,0
jailbreakdb_regular_0363286,JailbreakDB-Regular,non_native_english,non_native_english,3d8a1a5511a108856a9b013d3a80d868675dd7ede41c0d324505cba85d3786c5,748,0,0,0,0,0,0
jailbreakdb_regular_0364195,JailbreakDB-Regular,security_technical,security_technical,9c2ce9603b993f3eb16b7aa9d03f1e8286e767c92363b187940ef8ecf136dc44,903,0,0,0,0,0,0
jailbreakdb_regular_0364544,JailbreakDB-Regular,formal_academic,formal_academic,6cfd286837bd59ee9afd2df83e69448e67a3dc04672cf97ef9b63f4877245cc4,770,0,0,0,0,0,0
jailbreakdb_regular_0364927,JailbreakDB-Regular,informal_colloquial,informal_colloquial,870fbd6fa34a25af188f483c9e5912a2d4f9cdb2dede22807cae09ae02fb70ea,336,0,0,0,0,0,0
jailbreakdb_regular_0371404,JailbreakDB-Regular,medical_health,medical_health,40db49261752c4fc379908f7396a434d336be0f2627eef2c759cf93bf4560fa9,1064,0,0,0,0,0,0
jailbreakdb_regular_0373639,JailbreakDB-Regular,non_native_english,non_native_english,662379c6ff9a16c9549e085919376ae058f2050e6205e6fab96aa2dbbad86094,586,0,0,0,0,0,0
jailbreakdb_regular_0375953,JailbreakDB-Regular,security_technical,security_technical,59015286afc791720f1da657d3e1c811dde4637466930e1420b9128a1ef7cda9,135,0,0,0,0,0,0
jailbreakdb_regular_0379899,JailbreakDB-Regular,formal_academic,formal_academic,c79f81af70f87d8f6af4b9ad71ad69c2d4ba620b135952854d3cb39c4dafdd29,152,0,0,0,0,0,0
jailbreakdb_regular_0380183,JailbreakDB-Regular,informal_colloquial,informal_colloquial,e34dd1742d2ca3743f91bb0045d9e17e92893d567ea07beb15f377252dc28742,107,0,0,0,0,0,0
jailbreakdb_regular_0380983,JailbreakDB-Regular,medical_health,medical_health,3e9fb8bd20fee944b782695447acc95665ac14a5295257df1da9d27417be9c4c,76,0,0,0,0,0,0
jailbreakdb_regular_0382077,JailbreakDB-Regular,non_native_english,non_native_english,79ce775bbbb6ee538da3f8a36e5c989fe9289555dd948040eb9e3befb6aa9002,121,0,0,0,0,0,0
jailbreakdb_regular_0382976,JailbreakDB-Regular,security_technical,security_technical,2740bd485dc23256e1d11076b4a0c4e985fbe8baf58f73680bbc7839b63cb883,65,0,0,0,0,0,0
jailbreakdb_regular_0383142,JailbreakDB-Regular,formal_academic,formal_academic,96eafbb343c7f2d46a65458640fb1d8b5e3d449535b6899e3fff46598fd63806,119,0,0,0,0,0,0
jailbreakdb_regular_0384550,JailbreakDB-Regular,creative_writing,creative_writing,d9cb6f983b80a764033725e4bc8341ed590f1dea4a412f215fd4e61c5fe02cbf,85,0,0,0,0,0,1
jailbreakdb_regular_0385244,JailbreakDB-Regular,informal_colloquial,informal_colloquial,c2df71774b8eb4d7a1cf8fa97925cd54b47253590aa512b0765360d846134266,95,0,0,0,0,0,0
jailbreakdb_regular_0387601,JailbreakDB-Regular,medical_health,medical_health,00bee9d38a0940eca9122714ef0732851b6e1c9c8c6bc549d7cbe65b3eb54560,91,0,0,0,0,0,0
jailbreakdb_regular_0388212,JailbreakDB-Regular,informal_colloquial,informal_colloquial,9fa66dceca9fd083e52508410fbb57b7469a8607efabfb8b2dd3497de8e851e5,171,0,2,0,0,0,0
jailbreakdb_regular_0390090,JailbreakDB-Regular,non_native_english,non_native_english,307e66c979f345024f313bbef2b967269a7d98e7aed9761e7c0b128d0b4ac0df,96,0,0,0,0,0,0
jailbreakdb_regular_0390214,JailbreakDB-Regular,security_technical,security_technical,73a16eeb32db1e8aec03559dc40f6cd2a9f6013761b70a1028518561ea988e03,155,0,0,0,0,0,0
jailbreakdb_regular_0390806,JailbreakDB-Regular,formal_academic,formal_academic,79043c674a1fab490ee900e75395c2e8a3d48108ca59d2e906945a8f5aefc7e0,65,0,0,0,0,0,0
jailbreakdb_regular_0391044,JailbreakDB-Regular,informal_colloquial,informal_colloquial,ee108efde91a5f75294872f7a2bd136d8bc8495f7200d0b4ab8afb7301359b53,120,0,0,0,0,0,0
jailbreakdb_regular_0402949,JailbreakDB-Regular,medical_health,medical_health,c800679e8bd678eb3c141fc8f9e448a493a6b914e6441f4c816071980aab90cf,90,0,0,0,0,0,0
jailbreakdb_regular_0405365,JailbreakDB-Regular,non_native_english,non_native_english,0c677627fc72f221a1abb0570d643d8fd96b533d44ff81957bf01d3cc8836ca7,104,0,0,0,0,0,0
jailbreakdb_regular_0412761,JailbreakDB-Regular,security_technical,security_technical,c54d0d090b33e75f0137891a3b27250f926f6d22b0a8745d521522ac86c24546,98,0,0,0,0,0,0
jailbreakdb_regular_0417538,JailbreakDB-Regular,formal_academic,formal_academic,5d53b04d474c81d1e61e7b77da2579c7a1face00f77aafd8b5434d7cfb212329,83,0,0,0,0,0,0
jailbreakdb_regular_0421805,JailbreakDB-Regular,informal_colloquial,informal_colloquial,10b0e6f10a02784f1aadf76a389bbddf87bfdfea8f3f8445133449e92e0c8888,74,0,0,0,0,0,0
jailbreakdb_regular_0426126,JailbreakDB-Regular,medical_health,medical_health,dc36e8d3315de563a1b9925da2b3205d54a707f274713f61460280d108c23e14,102,0,0,0,0,0,0
jailbreakdb_regular_0428057,JailbreakDB-Regular,non_native_english,non_native_english,3eaf44848f71ffee6c2d6bf45ca493f9ff44e8bce1af9fda44d05b17ef55b542,77,0,0,0,0,0,0
jailbreakdb_regular_0428112,JailbreakDB-Regular,creative_writing,creative_writing,9ff27531167b05b92e8ff8a1793e872354d914ba3f73656957632990c4e9a53e,95,0,0,0,0,0,1
jailbreakdb_regular_0428287,JailbreakDB-Regular,security_technical,security_technical,4891297191f33689ea389d8836679bdf6da5958cf0e4f877f7ab35c1e994fcd4,84,0,0,0,0,0,0
jailbreakdb_regular_0429905,JailbreakDB-Regular,informal_colloquial,informal_colloquial,c0dec6240f355a58a5c08b7f7ed9a333414e0867dbfd4e2781e7bff248ed8249,104,0,2,0,0,0,0
jailbreakdb_regular_0431551,JailbreakDB-Regular,informal_colloquial,informal_colloquial,4da765b16213202e68475c0bdb856d36bc87800d9dad095a29886415ace6dfab,145,0,2,0,0,0,0
jailbreakdb_regular_0437433,JailbreakDB-Regular,formal_academic,formal_academic,21d9c706d96e64ecf5ce65703c558ee74265b6ba6ea6b868246e3c640bb82500,61,0,0,0,0,0,0
jailbreakdb_regular_0442379,JailbreakDB-Regular,informal_colloquial,informal_colloquial,fc7d2501314b64eafa7d832edf54f1519473c56396cc4fdd545007ea7af0c1fb,86,0,0,0,0,0,0
jailbreakdb_regular_0443314,JailbreakDB-Regular,medical_health,medical_health,28a7818184196309ef53e070a8c50ba21286ff915ace2fac6bd4a672a41ebe9e,66,0,0,0,0,0,0
jailbreakdb_regular_0444182,JailbreakDB-Regular,non_native_english,non_native_english,1a5d65afe5ff5e446cda87ce03c36c689c8759292ccbe54dfb17513e97b56d3f,105,0,0,0,0,0,0
jailbreakdb_regular_0447081,JailbreakDB-Regular,security_technical,security_technical,150b53549915c5b28755b60fc92716967e053d6e12b6654ebf4e76450f14f2d2,149,0,0,0,0,0,0
jailbreakdb_regular_0449379,JailbreakDB-Regular,formal_academic,formal_academic,78a1da203025729bef0acc9e056feaa2c2648c135ac2873d57366ab42465e2cd,101,0,0,0,0,0,0
jailbreakdb_regular_0449836,JailbreakDB-Regular,creative_writing,creative_writing,3ae512145b165532aca65c42e02d143cb5af115a1f2e90c72da61bb8fa6fb4fc,102,0,0,0,0,0,1
jailbreakdb_regular_0452384,JailbreakDB-Regular,informal_colloquial,informal_colloquial,93ba9ccbe962327202eb004cc40cc15581fb9062af2d4ea1ebe1fab97a47e535,114,0,0,0,0,0,0
jailbreakdb_regular_0454333,JailbreakDB-Regular,medical_health,medical_health,103b5eabd2f43ee919dda838a2a480f2a2899455e3cf785bd19bffdf28d0afe5,117,0,0,0,0,0,0
jailbreakdb_regular_0458266,JailbreakDB-Regular,non_native_english,non_native_english,75d4ea8eba41e0a84a649fa423cc0f953515f0b93d8122caf7ca6d145331f509,56,0,0,0,0,0,0
jailbreakdb_regular_0458783,JailbreakDB-Regular,security_technical,security_technical,8de52fee686adcfa00ece49e9549f5f940428a942bcf9e7abccad7ec221cd285,103,0,0,0,0,0,0
jailbreakdb_regular_0462835,JailbreakDB-Regular,formal_academic,formal_academic,fbc71bb7603792f98ee8eb2768d2a13dd00142113d759fc671b65519a24dfbe9,167,0,0,0,0,0,0
jailbreakdb_regular_0465256,JailbreakDB-Regular,informal_colloquial,informal_colloquial,e28c4620ad0afc948f5cb709347897a52e954ed003c92e5558d8b6bc0b8d375b,106,0,0,0,0,0,0
jailbreakdb_regular_0466421,JailbreakDB-Regular,medical_health,medical_health,9ad16b6cb350fa61bbdc6459df0765291ceb12904ae33600c7dac7937efbb59e,110,0,0,0,0,0,0
jailbreakdb_regular_0468144,JailbreakDB-Regular,non_native_english,non_native_english,5b1120e550b0a73a30d5d3b20c3ace9039283dff8fa01eebdbdbccfb68ec89e0,112,0,0,0,0,0,0
jailbreakdb_regular_0471847,JailbreakDB-Regular,security_technical,security_technical,195170ec0d82f714e5feea4b79eb4c3c091a413895fdce8952e2c27bd654ae19,111,0,0,0,0,0,0
jailbreakdb_regular_0472620,JailbreakDB-Regular,formal_academic,formal_academic,deeb80a278ce2d0f0e243c36f8dda83753e6a24dea06e57ce092225b9b7dc8e5,146,0,0,0,0,0,0
jailbreakdb_regular_0477954,JailbreakDB-Regular,informal_colloquial,informal_colloquial,40b85bca076bf2a20b7d2a8adf9e0d67b4c4ec8e6bb03714164aa3189af127e9,576,0,0,0,0,0,0
jailbreakdb_regular_0478947,JailbreakDB-Regular,medical_health,medical_health,a932235993bac03dab2e1de0c00f2322d9341c1a2919fa3ec27d800a32f59d7c,340,0,0,0,0,0,0
jailbreakdb_regular_0479808,JailbreakDB-Regular,creative_writing,creative_writing,d61f154ec98a4143304998479f6adc6033641a3293e6aa34813c5c2d61c7b911,683,0,0,0,0,0,1
jailbreakdb_regular_0487463,JailbreakDB-Regular,non_native_english,non_native_english,b31d140babb0e9e38e0c8333b073d9bf3fa94de57a5ba6a4fa17391d7b58344c,1292,0,0,0,0,0,0
jailbreakdb_regular_0495303,JailbreakDB-Regular,security_technical,security_technical,8ba0d30d5942739dda277d24da8a5562d8157469370848397aed4d72991e5b3b,626,0,0,0,0,0,0
jailbreakdb_regular_0495649,JailbreakDB-Regular,formal_academic,formal_academic,6421c6759d3259112eabecee8826f4263d85a59f31ac12a6c06312ced0d558f2,412,0,0,0,0,0,0
jailbreakdb_regular_0495922,JailbreakDB-Regular,informal_colloquial,informal_colloquial,e36e1b2a55b85fbd9c5f4ba3910e0a301761fc7140f155a68e80b3fb57e880af,1992,0,2,0,0,0,1
jailbreakdb_regular_0499416,JailbreakDB-Regular,informal_colloquial,informal_colloquial,007c96435641ec2975ea5852254311f59befcdfd2b3f841bb15106ce5f4e5c2f,146,0,0,0,0,0,0
jailbreakdb_regular_0508136,JailbreakDB-Regular,formal_academic,formal_academic,4b2c0050d2083396dc5fe7097c245bd818c7eeb6df6321bfb56edeede50b0253,780,1,0,0,0,0,1
jailbreakdb_regular_0508194,JailbreakDB-Regular,non_native_english,non_native_english,30d3a7b246e4f182eb2b42de90fe6e3a2757793204bce6ca79d6d4ff575b1684,461,1,0,3,0,0,0
jailbreakdb_regular_0508940,JailbreakDB-Regular,informal_colloquial,informal_colloquial,6e738023f9861e3bd699c5b792c1679e82e0e41718e69b2c2569366eec6cfe54,324,1,1,0,0,0,0
jailbreakdb_regular_0509797,JailbreakDB-Regular,medical_health,medical_health,898d8e4a3b3ab4db11389a0e552dca4b4f3b39aa62c9c6abd31dc439550f9dd5,981,0,0,0,0,0,0
jailbreakdb_regular_0511348,JailbreakDB-Regular,non_native_english,non_native_english,e1a3a24b0d13f7727209c62bbb30d466d0e9c45af0e30748c28021591a458986,211,0,0,0,0,0,0
jailbreakdb_regular_0511474,JailbreakDB-Regular,non_native_english,non_native_english,d5af1d9e8f2f26b5185c6bed48d8d072efa47c63c6511c65891ef6bd95d883f7,1185,1,0,1,0,0,1
jailbreakdb_regular_0511838,JailbreakDB-Regular,security_technical,security_technical,fd946744170eda67656b8835d6cc02c0306aaf6cd5a9287cd831e1fa9cf04c8e,216,0,0,0,0,0,0
jailbreakdb_regular_0512689,JailbreakDB-Regular,formal_academic,formal_academic,7be0326f89b81787a5f86e7361675bf087272254c74270bafc984a91feeae565,357,0,0,0,0,0,0
jailbreakdb_regular_0513774,JailbreakDB-Regular,creative_writing,creative_writing,90e601cc2f0617279e1d25287f3bbec69aa7db05e18fcc8a540b25269bea588f,2130,0,0,0,0,0,2
jailbreakdb_regular_0515359,JailbreakDB-Regular,informal_colloquial,informal_colloquial,5ae62ba513dda633cb9305f52dca9cba27dca37d299f8f4186552ca86f7de54e,1276,0,2,0,0,0,0
jailbreakdb_regular_0520126,JailbreakDB-Regular,formal_academic,formal_academic,5d690405d0ac80e7bc3b34a634f8c8296824341dc153751a02091791f03cf24f,388,1,0,0,0,0,0
jailbreakdb_regular_0520446,JailbreakDB-Regular,informal_colloquial,informal_colloquial,230d9a3a1cc17bff0aeda583f10c2bf116ea414db462c3294af724eb84bf0148,1420,0,2,0,0,0,0
jailbreakdb_regular_0525670,JailbreakDB-Regular,informal_colloquial,informal_colloquial,092a0b45a329fa5fd5b8aba5e57dc1ab3c8d17eaf8f88be8ff2ebddfd50888bc,213,0,0,0,0,0,0
jailbreakdb_regular_0525725,JailbreakDB-Regular,non_native_english,non_native_english,f5436e922175cdfda8f7359a33c8a3917351e86dad7f0dc414a4a406c2111460,876,1,0,2,0,0,0
jailbreakdb_regular_0527623,JailbreakDB-Regular,medical_health,medical_health,b08057278e1b9b0c6cfb8e228b67eade8ebf1ad5d431b542d8e71df67fdc4765,430,0,0,0,0,0,0
jailbreakdb_regular_0532850,JailbreakDB-Regular,non_native_english,non_native_english,bb74a49be10fe58edf9e44ed52f8f89ba870c60f6973b6b57011bf2c985e510b,243,0,0,0,0,0,0
jailbreakdb_regular_0536865,JailbreakDB-Regular,security_technical,security_technical,4bd81501779908d168f7aefddd6f06e113a5d06fbafbc5698b7d37fe7e49e0fe,196,0,0,0,0,0,0
jailbreakdb_regular_0538577,JailbreakDB-Regular,formal_academic,formal_academic,1faf9e9609dde319ae31c65bfbf3df128d45a74fab7669c4e1893d4b8c61526a,301,2,0,0,0,0,0
jailbreakdb_regular_0538729,JailbreakDB-Regular,formal_academic,formal_academic,16e1950180578cc452c437c7256fc8d42dcf3b72f0d50bccdf681ca13353962b,469,0,0,0,0,0,0
jailbreakdb_regular_0539556,JailbreakDB-Regular,formal_academic,formal_academic,766c9c2208ddeccbeb87fbe5b65868ace3486ee3b6aa71e3765f283284d50a2a,476,1,0,0,0,0,0
jailbreakdb_regular_0545696,JailbreakDB-Regular,informal_colloquial,informal_colloquial,f8ce0170212af4f7bc65c79b30cde20499e451a1df35d26df67dc337422a0f63,238,0,0,0,0,0,0
jailbreakdb_regular_0547401,JailbreakDB-Regular,formal_academic,formal_academic,b34b5666e1d6b508a583f28e5242cae2aedd404e4d3a9d52471cb1b2a96d105d,91,1,0,0,0,0,0
jailbreakdb_regular_0551161,JailbreakDB-Regular,security_technical,security_technical,e32dd306257ecdd81014e14d782552b70998d5ceca56ac55b2721110f670ee11,219,0,0,0,1,0,0
jailbreakdb_regular_0554642,JailbreakDB-Regular,medical_health,medical_health,e86b145dbc4d1d4bd3e227f95ea8ffa7f239ce702995e8258a141ded9118fbaa,369,0,0,0,0,0,0
jailbreakdb_regular_0556766,JailbreakDB-Regular,non_native_english,non_native_english,61e610c64f56f0fe67aa763c83034442b5c8a195acdcfa72129bde40940d64c0,129,0,0,0,0,0,0
jailbreakdb_regular_0556775,JailbreakDB-Regular,formal_academic,formal_academic,60ab9928f323ab39cf364625a0fb1fdaf4ad05dea29472cdcca53da786bc8c34,184,1,0,0,0,0,0
jailbreakdb_regular_0557983,JailbreakDB-Regular,formal_academic,formal_academic,c0b7fb5a5e7ada1640e3807ae3a0832d3cd8055af29876ebfe6d47562cb748a4,153,1,0,0,0,0,0
jailbreakdb_regular_0559626,JailbreakDB-Regular,security_technical,security_technical,f0b4f913b09d8ab99fe080ec6b672996e99a86a5966afa804473d059d4f6e858,67,0,0,0,0,0,0
jailbreakdb_regular_0559666,JailbreakDB-Regular,medical_health,medical_health,1270db6e71a1ea8f72d7d4c96c12da2057de6cbe055168534aa9eefd7eb27980,322,0,0,0,0,1,0
jailbreakdb_regular_0559697,JailbreakDB-Regular,medical_health,medical_health,a1454d190aa886212de5f81edd5d2e183023ee5d4befbe924e76b8c112cebb5c,126,0,0,0,0,1,0
jailbreakdb_regular_0563577,JailbreakDB-Regular,formal_academic,formal_academic,e56094d9eb35b5c089a1394a14bb134164a2dc74dce8a60644f7691a867e2f0f,301,0,0,0,0,0,0
jailbreakdb_regular_0565598,JailbreakDB-Regular,security_technical,security_technical,707b3f142d8f31f88960264753c46d3096d4c91444a20435320e25a13783e0b2,374,0,0,0,1,0,0
jailbreakdb_regular_0567312,JailbreakDB-Regular,informal_colloquial,informal_colloquial,979fb702f0ecc42bda1cf07326481ddd9ea3e4d46c915fae2d726767af5fe4eb,282,0,0,0,0,0,0
jailbreakdb_regular_0567913,JailbreakDB-Regular,medical_health,medical_health,813beace54028cbd717489e775b3fb27f89f9b5bbf34a0f170254e13c9813566,244,0,0,0,0,0,0
jailbreakdb_regular_0568243,JailbreakDB-Regular,non_native_english,non_native_english,f7d80da2ea5ff030aa265359e73cddfe0c0d2dde0d78d7dae8fbe8edb2d3fd41,189,0,0,0,0,0,0
jailbreakdb_regular_0569999,JailbreakDB-Regular,security_technical,security_technical,f18fab625626ef1e48a6d017cbffdfd2e20ffed1218ac339e1e9b1870482a39c,168,0,0,0,0,0,0
jailbreakdb_regular_0570457,JailbreakDB-Regular,formal_academic,formal_academic,ce5f2f54a116a2d626790c337545a9955aa0171ed7790494b04a4d21e0f28a7a,167,0,0,0,0,0,0
jailbreakdb_regular_0572321,JailbreakDB-Regular,informal_colloquial,informal_colloquial,dc58d43aa06c96501426416aaeaf676e58d04ef7b2b87b733675f44045c7737b,135,0,0,0,0,0,0
jailbreakdb_regular_0573410,JailbreakDB-Regular,medical_health,medical_health,cac30d009a1324c2e7b1806ea69e8e43109a2a80c0254fd1669cb3d23f0b5c77,314,0,0,0,0,0,0
jailbreakdb_regular_0573727,JailbreakDB-Regular,non_native_english,non_native_english,8d8964fdc0752a6186401a56ff16c11b89cff740685d6bd1aa5f1792eb9af779,212,0,0,0,0,0,0
jailbreakdb_regular_0575117,JailbreakDB-Regular,security_technical,security_technical,b8c97b2957482a110034f4c7ced3c8712e766d35d1aa7dfcbf46378c31f8dfbe,164,0,0,0,0,0,0
jailbreakdb_regular_0585936,JailbreakDB-Regular,formal_academic,formal_academic,17c15b2eca68e984faed657fc3e90db262f2e9c01576577a851d201dd2976123,319,0,0,0,0,0,0
jailbreakdb_regular_0586710,JailbreakDB-Regular,informal_colloquial,informal_colloquial,b368db0ae4c1f28e8085a0206c0eb120ec26743abc4e749fb9c82914196b7e8c,289,0,0,0,0,0,0
jailbreakdb_regular_0588084,JailbreakDB-Regular,medical_health,medical_health,92b6afac1b3c2bcc3300bb97744b8d6bb67912d0f0e1b31b868610c1c70413d7,281,0,0,0,0,0,0
jailbreakdb_regular_0590197,JailbreakDB-Regular,non_native_english,non_native_english,b7ad06c018ec9bb8a2af33be0a621103992909adb4d97d67f4dec84c02dde0fb,346,0,0,0,0,0,0
jailbreakdb_regular_0590262,JailbreakDB-Regular,security_technical,security_technical,5e17216df8f5b227c8753315a4aca33bce81bee3113146569830a455ba98c25f,208,0,0,0,0,0,0
jailbreakdb_regular_0593142,JailbreakDB-Regular,formal_academic,formal_academic,47bdee90ca056f47535abe3cc3f33968522f7dd627d631d5c0b87d636e079e99,308,0,0,0,0,0,0
jailbreakdb_regular_0593880,JailbreakDB-Regular,informal_colloquial,informal_colloquial,003c76e51cdb70ec7000ba8732889557a730c5e7cd0f3877b266aa5737c92395,217,0,0,0,0,0,0
jailbreakdb_regular_0604670,JailbreakDB-Regular,medical_health,medical_health,45cdb0fe389d79c968d631ce890b77a33d8ba7b55406be60e867f7383396e15d,908,0,0,0,0,0,0
jailbreakdb_regular_0605113,JailbreakDB-Regular,non_native_english,non_native_english,5f2df2729fed3b6698b59938394213b6199542346c9b41f8a1e88a10d6d4c0de,309,0,0,0,0,0,0
jailbreakdb_regular_0608149,JailbreakDB-Regular,security_technical,security_technical,72174ed2da901ffd0adb8fab9553068fedfe46603e61781e115296443ce89673,671,0,0,0,0,0,0
jailbreakdb_regular_0609758,JailbreakDB-Regular,formal_academic,formal_academic,f132da90c05bbf135312486d88a3234e4977a224293b331c75cfe90d74d6360d,2405,0,0,0,0,0,0
jailbreakdb_regular_0610695,JailbreakDB-Regular,creative_writing,creative_writing,4302ddf466a5b87e3ef9e62fb2a9e69c48878dfe23df8579c38cd6e71dec77b4,7550,0,1,0,0,0,4
jailbreakdb_regular_0612530,JailbreakDB-Regular,informal_colloquial,informal_colloquial,c2af3f85616926d57a0e355051672a7bb29b8ff7682c16c77d542df5b5da0f14,447,0,0,0,0,0,0
jailbreakdb_regular_0615873,JailbreakDB-Regular,creative_writing,creative_writing,1146d7bde87c9a2e452372fefbd6e0b4d30b9c6b2f1b4749014a1d58801f4717,2363,0,0,0,0,0,1
jailbreakdb_regular_0618339,JailbreakDB-Regular,medical_health,medical_health,ed65b8a16503a7ff2a7564b1120a8fe944e9ad68cc833b1addf1920860970d98,358,0,0,0,0,0,0
jailbreakdb_regular_0618474,JailbreakDB-Regular,medical_health,medical_health,ffc22e114eb0068b76a2d9c52e50ef301ce46b5d582846566207b8b1430b3936,1848,0,1,0,0,1,0
jailbreakdb_regular_0621858,JailbreakDB-Regular,non_native_english,non_native_english,d41c14711fa674564b4da49e3d66d19eb6cf8d518703cf3e71e466dac51ff6aa,456,0,0,0,0,0,0
jailbreakdb_regular_0625353,JailbreakDB-Regular,security_technical,security_technical,c19aad198203c10fa429c2e8893453225d940b4dd27231f3e64352c3d822978c,357,0,0,0,0,0,0
jailbreakdb_regular_0630150,JailbreakDB-Regular,formal_academic,formal_academic,62074650fb0476c51937f98b0d49ef2e69464b76d4c29d731fe8e71b48b290ab,234,0,0,0,0,0,0
jailbreakdb_regular_0632012,JailbreakDB-Regular,informal_colloquial,informal_colloquial,9a320a97280159089974fa123eff4a3b67f393c8dcb28e08ac29fa42db9e7fad,385,0,0,0,0,0,0
jailbreakdb_regular_0632848,JailbreakDB-Regular,formal_academic,formal_academic,38c518ad7b7e4a7e5ccff8048ed530daff08cc8c2d041ea0651cd8ddd992a723,1632,1,0,0,0,0,1
jailbreakdb_regular_0634918,JailbreakDB-Regular,non_native_english,non_native_english,26278ae00f16908bdc824abf6722c7f911b78c7edbf1f8a6e44b3973a31baf73,736,0,0,1,0,0,0
jailbreakdb_regular_0636985,JailbreakDB-Regular,medical_health,medical_health,0de074d8f62c2455b77fbc3fdef5698d0f1f922f84d53872c6c2cec3be70e17d,518,0,0,0,0,0,0
jailbreakdb_regular_0638905,JailbreakDB-Regular,non_native_english,non_native_english,939488cffcbd6f2b4aba97a93d329b4c1a298d584bca824b50e0a1fb0085a944,263,0,0,0,0,0,0
jailbreakdb_regular_0640120,JailbreakDB-Regular,security_technical,security_technical,6138c0ecb3eb658ef0556d1ef84db5177d047455bd93a15e994b50b54515c70e,457,0,0,0,0,0,0
jailbreakdb_regular_0646523,JailbreakDB-Regular,formal_academic,formal_academic,496a37411cb149c8cfb4b87172fc36266d842497c6aa0efe5249bc983f1a6d19,249,0,0,0,0,0,0
jailbreakdb_regular_0647557,JailbreakDB-Regular,informal_colloquial,informal_colloquial,ad03989325cbd35bfebf1e8ee7c535c9bdbd69f4a5921b1f85b5df96556b93d7,780,0,0,0,0,0,0
jailbreakdb_regular_0649419,JailbreakDB-Regular,medical_health,medical_health,071cfa817bdd7f978ecb3cde1feb83dfc8269c2bc6b577c7df4814c3bacd19af,196,0,0,0,0,0,0
jailbreakdb_regular_0649918,JailbreakDB-Regular,non_native_english,non_native_english,9e022f8ef80afc2d658821f0fc3ba981088792828f8b92fca190a6e3dac01674,275,0,0,0,0,0,0
jailbreakdb_regular_0655219,JailbreakDB-Regular,security_technical,security_technical,ce9e522daba440e2611e1445ea8530addfc490744fb76dc11d98ecebe97c73f6,2853,0,0,0,0,0,0
jailbreakdb_regular_0660133,JailbreakDB-Regular,formal_academic,formal_academic,f130fcb717214ef76e070222ac25be4c962ce0bfec04b368fffacd98f354032a,199,0,0,0,0,0,0
jailbreakdb_regular_0661144,JailbreakDB-Regular,informal_colloquial,informal_colloquial,a27ef412fa01b8863dfcf6a2e49a4ac6d3364c61cea8fdae1cd04c0680c8fd1e,442,0,0,0,0,0,0
jailbreakdb_regular_0662065,JailbreakDB-Regular,medical_health,medical_health,6b7744ccaf3c86a4dbc47a1b558acfcd5447958dae4db55ec8a5e9e9be77506f,261,0,0,0,0,0,0
jailbreakdb_regular_0664734,JailbreakDB-Regular,non_native_english,non_native_english,d179c416f57a591be6977f8830e92f8a8725d26e639c01c59ef14ef191cec5d9,1929,0,0,0,0,0,0
jailbreakdb_regular_0666947,JailbreakDB-Regular,informal_colloquial,informal_colloquial,735693a07087952c2e4a30ef830491bc895b0f17813b14ee03800b808cdb23e5,2370,0,2,0,0,0,0
jailbreakdb_regular_0668293,JailbreakDB-Regular,formal_academic,formal_academic,3a40479430b1d551fd8eb2b3a241a6c75fdfdffe907dd1fa93eba04c80298031,562,1,0,0,0,0,1
jailbreakdb_regular_0668837,JailbreakDB-Regular,security_technical,security_technical,4a872226ca35e03f13bb032ed35b1617476fc7c2c03dc574fd92207afa69affc,389,0,0,0,0,0,0
jailbreakdb_regular_0670873,JailbreakDB-Regular,formal_academic,formal_academic,20b4718833c76e13377d3100e77fb058bf843504d19ba83cae54abd8843593d6,280,0,0,0,0,0,0
jailbreakdb_regular_0675383,JailbreakDB-Regular,informal_colloquial,informal_colloquial,09384c746cdfa6447e161566f9d18880803945a9a724d9f1edeb37b717663e83,465,0,0,0,0,0,0
jailbreakdb_regular_0682923,JailbreakDB-Regular,security_technical,security_technical,d028d6dae5b542d92977482a3da271e6cd851a6c6f0e27f81aa7bbc1d69b912b,255,0,0,0,1,0,1
jailbreakdb_regular_0684683,JailbreakDB-Regular,medical_health,medical_health,84cc7bfab0f07085ee0db1ab373d0e31b71b64b055dac7c4a94fc68c92433eca,327,0,0,0,0,0,0
jailbreakdb_regular_0686994,JailbreakDB-Regular,creative_writing,creative_writing,b8a74eadc5f5c42dfd91e7e61d4dbdfdfea2f0554c9e3a23bd11d1054a27088a,613,0,0,0,0,0,1
jailbreakdb_regular_0692366,JailbreakDB-Regular,non_native_english,non_native_english,f3f048022d44915e7317895af0814cbd6eece570500ef27294c439b9e07d63a2,712,0,0,0,0,0,0
jailbreakdb_regular_0694791,JailbreakDB-Regular,security_technical,security_technical,1e365756c15943ffe515bf48587f595e8356923d57223222d1b8acf3dc8ec498,493,0,0,0,0,0,0
jailbreakdb_regular_0698635,JailbreakDB-Regular,formal_academic,formal_academic,3cb47cfcdfc9702e5fccbdc111f1831124912f1d209c7202c71305ccd56f472d,251,0,0,0,0,0,0
jailbreakdb_regular_0700338,JailbreakDB-Regular,informal_colloquial,informal_colloquial,6b1db1d7dcf6a1e956f99a10ed15f99dddbdd97a42428d84c76504a63a8d1699,336,0,0,0,0,0,0
jailbreakdb_regular_0700690,JailbreakDB-Regular,medical_health,medical_health,07b2a97c766482962b1f53d375b010d79d5377d363822861f9a5fae93038a655,265,0,0,0,0,0,0
jailbreakdb_regular_0704379,JailbreakDB-Regular,non_native_english,non_native_english,f75a000f66b4e1aae88e87e244ea076032ce5042637a689bf10264ba4e73eadc,1840,0,0,0,0,0,0
jailbreakdb_regular_0706160,JailbreakDB-Regular,security_technical,security_technical,9f675143a2ad79d84b6e0ae07420656ce0b7b7a6f4a32b01648660c3d804cb4d,2125,0,0,0,0,0,0
jailbreakdb_regular_0706661,JailbreakDB-Regular,creative_writing,creative_writing,92840904fc3722b5506d28a66201df722253bc60e781c0b1f60bb1a8648debce,1716,0,0,0,0,0,1
jailbreakdb_regular_0714807,JailbreakDB-Regular,formal_academic,formal_academic,ddba3a40a642e160efc07d76406ab3350f5638d9ddf9d4027d2b94fc8311da41,180,0,0,0,0,0,0
jailbreakdb_regular_0715423,JailbreakDB-Regular,informal_colloquial,informal_colloquial,59e01cf695edb7065c18cb08c91f382ec44c5e2d15b92d9a64918886aa1366da,392,0,0,0,0,0,0
jailbreakdb_regular_0724155,JailbreakDB-Regular,medical_health,medical_health,5738d68446243fc8033a69a5ee975a1bba3c1f9d429e0eb230cdf3674fcb0104,509,0,0,0,0,0,0
jailbreakdb_regular_0725365,JailbreakDB-Regular,non_native_english,non_native_english,65c03e2620f29113db7ed0d9b6d956ff18784d34eb4242eff8b76ade362f2d62,221,0,0,0,0,0,0
jailbreakdb_regular_0728615,JailbreakDB-Regular,medical_health,medical_health,c8c48c591d4de583bf814b5d5e37ad248709cf6d1bddb10df79c8d209b5a6ca5,566,1,0,0,0,1,0
jailbreakdb_regular_0728716,JailbreakDB-Regular,medical_health,medical_health,331a537501d6aa74b7c6490dca731fe4234ff1bb29d02b383fb889a8217bee03,1545,0,0,0,0,1,0
jailbreakdb_regular_0729636,JailbreakDB-Regular,security_technical,security_technical,d491d6af9e735f6011a657eaf53b1c4638cb2537f4752475ec26d45d644beed8,218,0,0,0,0,0,0
jailbreakdb_regular_0738605,JailbreakDB-Regular,formal_academic,formal_academic,8cf7d602bb8903e22983f77bad5a40fc213fd71fa782db4a82e161e7e9983a38,220,0,0,0,0,0,0
jailbreakdb_regular_0739129,JailbreakDB-Regular,informal_colloquial,informal_colloquial,dde8b496a1ef6f7252a6df8e7d850c0511248fa985dbacc066a6eef1002aa3c8,8011,1,1,0,0,0,0
jailbreakdb_regular_0740166,JailbreakDB-Regular,formal_academic,formal_academic,64b9fe9a1a1173051432ffbb967dd847f177ebcf9f9f4710aa19dc327f04a7b2,4235,2,0,0,0,1,0
jailbreakdb_regular_0741934,JailbreakDB-Regular,medical_health,medical_health,e4739a94e23a17f0c45c00e9a3b57f8b502084f4b6658855522d52837341a673,3330,0,0,0,0,2,1
jailbreakdb_regular_0749498,JailbreakDB-Regular,informal_colloquial,informal_colloquial,692fc5b6897008d93f755df12021174b1d1857265e3e76ff2fd61114bb5b8c16,461,0,0,0,0,0,0
jailbreakdb_regular_0750429,JailbreakDB-Regular,informal_colloquial,informal_colloquial,990c2045dbfc135da33e6718b8e6ca03cba4b898cd58babd5ea561e109b8ddb2,1522,0,1,0,0,0,0
jailbreakdb_regular_0751164,JailbreakDB-Regular,medical_health,medical_health,dd12456a18a28a8bf360418c804286897fa2f73a34d3edbd4a954d7831a8b2b8,6309,1,0,0,0,1,0
jailbreakdb_regular_0751501,JailbreakDB-Regular,medical_health,medical_health,77b79ed682c15ad2f6906439627e084f21c5b7115bd9651967d6de5a76d22e38,184,0,0,0,0,0,0
jailbreakdb_regular_0752053,JailbreakDB-Regular,creative_writing,creative_writing,4119652e3f186e50906610330d624994d4fa1dcc0989579d033905e129bb8ab4,591,0,0,0,0,0,1
jailbreakdb_regular_0753568,JailbreakDB-Regular,non_native_english,non_native_english,f245133db1f483df8b14751c4b4aa3b9d824504db8aa22ae1983656353e779a6,1926,0,0,0,0,0,0
jailbreakdb_regular_0755306,JailbreakDB-Regular,creative_writing,creative_writing,96d2619e262a363fcbb8b3269f4cd26befc4cd734d1d7e6f3c1aff29e28059e3,1766,0,0,0,0,0,1
jailbreakdb_regular_0757808,JailbreakDB-Regular,security_technical,security_technical,1268118257e835dba44bb02005e69428ca3f95d24ed2715294f325dfb019c216,2030,0,0,0,0,0,0
jailbreakdb_regular_0758123,JailbreakDB-Regular,formal_academic,formal_academic,deb4130c83f725ca980a530601675df325a680be48ededc70d706658529780aa,148,0,0,0,0,0,0
jailbreakdb_regular_0759312,JailbreakDB-Regular,formal_academic,formal_academic,fa236d9ffa84bde17b99f328fc46bae7d97c4b4d068b18044376b6b657355490,907,1,0,0,0,0,0
jailbreakdb_regular_0760667,JailbreakDB-Regular,medical_health,medical_health,98aaf4e8b75b5bda4b2735619b18f18caa53b981eee4a1b47f45dea4aa9b5a54,1848,0,0,0,0,1,0
jailbreakdb_regular_0764658,JailbreakDB-Regular,informal_colloquial,informal_colloquial,fac6edf18314cd4c92dc92bbcc64ab2f6d2d8ba8218be9a9f58d45152f237108,546,0,0,0,0,0,0
jailbreakdb_regular_0765754,JailbreakDB-Regular,creative_writing,creative_writing,ef2d9d96fbb1906612c10397f7f1827c44877878819ec3b57230ce5ffdaa4210,580,0,0,0,0,0,1
jailbreakdb_regular_0768690,JailbreakDB-Regular,medical_health,medical_health,5840d863a1af0c78dff5ecd4303770ee54758e96a9279a3f8febefabbb776367,482,0,0,0,0,0,0
jailbreakdb_regular_0769315,JailbreakDB-Regular,non_native_english,non_native_english,f1e47fef77aadf89e8cbd5bac33edb4001e6d4a89f14f1fba76fdb973133a81f,1231,0,0,0,0,0,0
jailbreakdb_regular_0769663,JailbreakDB-Regular,security_technical,security_technical,7a00fb68e07806e1ea9f146be35a9cf8f1d9b2f702460a72535392eb43ba1538,357,0,0,0,0,0,0
jailbreakdb_regular_0772670,JailbreakDB-Regular,formal_academic,formal_academic,090321d3d835d891d195dbb5bd2f99e66085b1a4923cc4df22926424a0d1d5d2,853,0,0,0,0,0,0
jailbreakdb_regular_0774512,JailbreakDB-Regular,informal_colloquial,informal_colloquial,ba89e40c65a473cbe752e2a51a1ec528f0ec98c23690850a6fe0ef7c0c5d5a52,654,0,0,0,0,0,0
jailbreakdb_regular_0775795,JailbreakDB-Regular,medical_health,medical_health,4a3b928ec57a0961136860534bad94176f387c59f6a9fe9a061429bcba946e84,305,0,0,0,0,0,0
jailbreakdb_regular_0777978,JailbreakDB-Regular,non_native_english,non_native_english,6291a2f1732839e4b38d62ae91b76efa9d9e290e0a15e22c70955aa6996d06a2,190,0,0,0,0,0,0
jailbreakdb_regular_0781628,JailbreakDB-Regular,security_technical,security_technical,76c638bafcbae19a0de7aea884ec08ed6b6a361652dbff1ba61bfac57beb97c8,315,0,0,0,0,0,0
jailbreakdb_regular_0781999,JailbreakDB-Regular,formal_academic,formal_academic,eaa854e913957843bfab0535fe7c94b89e3520c9dddfda3c8cec59eb9667ae31,191,0,0,0,0,0,0
jailbreakdb_regular_0786667,JailbreakDB-Regular,informal_colloquial,informal_colloquial,3f8f38b348e78d91f5ebfcbc6f7deeffd9daceb6fe904dab026770672de77bf1,241,0,0,0,0,0,0
jailbreakdb_regular_0791243,JailbreakDB-Regular,medical_health,medical_health,6cfae3062bd200365031537a9ed49121f6b1fc6770cbc9b715ea4549ffd6ea3d,177,0,0,0,0,0,0
jailbreakdb_regular_0791998,JailbreakDB-Regular,non_native_english,non_native_english,ca9691045304d4adcd9cf1089f62f5e4a450189cf91da3e8565b5c104e9814e3,149,0,0,0,0,0,0
jailbreakdb_regular_0796132,JailbreakDB-Regular,formal_academic,formal_academic,59f92dd3be3eedca7c6ad15284574635620f47dbd73631cdaa52bcb2dcc70483,2161,1,0,0,0,0,0
jailbreakdb_regular_0798514,JailbreakDB-Regular,security_technical,security_technical,c5ddb06b5ecf45fa1cc7095c08c3d569d020de5ced7d5bf82cd54501eb53dad2,428,0,0,0,0,0,0
jailbreakdb_regular_0803943,JailbreakDB-Regular,medical_health,medical_health,b84a5cdd0e3851c69f798f885790a4ec0db930c195dc54f7b709e6b14f2c9acd,2379,0,0,0,0,1,0
jailbreakdb_regular_0805730,JailbreakDB-Regular,formal_academic,formal_academic,33eeb4dcabe2761873eb21f5f165c63aa7eebf0e79d9e4f4bbde8a813ae27157,1004,0,0,0,0,0,0
jailbreakdb_regular_0807492,JailbreakDB-Regular,informal_colloquial,informal_colloquial,ec95c6c7d94d89d13cc3e14c0a259c6c8b6c56ed0ef8f729c636b3eb931a425e,225,0,0,0,0,0,0
jailbreakdb_regular_0813076,JailbreakDB-Regular,medical_health,medical_health,f73fad6756303d6b3c5100e3facfa1ddeffff19e5cd650f043190ba4a0a5f5f6,608,0,0,0,0,0,0
jailbreakdb_regular_0814758,JailbreakDB-Regular,formal_academic,formal_academic,45bcd2a60a233d2395c26c4a8fe2415375f1d9208a45a137514ae74ed136f67d,377,1,0,0,0,0,0
jailbreakdb_regular_0815633,JailbreakDB-Regular,non_native_english,non_native_english,50105988f679d3a3638c6dd5661267e493badd49f4eb94f1f8197e1afcb84037,293,0,0,0,0,0,0
jailbreakdb_regular_0816146,JailbreakDB-Regular,formal_academic,formal_academic,4e3459298726ddad56b879437a50fc5e9a407ba08f7ab9f6026f5b0b378ba3d6,560,1,0,0,0,0,0
jailbreakdb_regular_0819310,JailbreakDB-Regular,security_technical,security_technical,634263fc505279329751785530fb1397fd3cd286065bca5c596e81acf79b8736,324,0,0,0,0,0,0
jailbreakdb_regular_0823590,JailbreakDB-Regular,formal_academic,formal_academic,f701b6e180c9af342f852914d6c29d36bee84e568420be6cc0d97e7abea5d3e0,901,0,0,0,0,0,0
jailbreakdb_regular_0826262,JailbreakDB-Regular,informal_colloquial,informal_colloquial,dbf92cb7a883ec40c236775cc74c562d694e74ea8e62dc0665eaad2e0f44a855,267,0,0,0,0,0,0
jailbreakdb_regular_0828704,JailbreakDB-Regular,security_technical,security_technical,07a6245126ebb56af693bada82d3a7e7578519404ba5680471e19d3c9dd94bf7,3106,0,0,0,1,0,0
jailbreakdb_regular_0829385,JailbreakDB-Regular,medical_health,medical_health,c11b8814d1bfded78e67ce710fbd993ab8bd21485eeab13c6f48052b6e26ef56,1730,0,0,0,0,0,0
jailbreakdb_regular_0830085,JailbreakDB-Regular,non_native_english,non_native_english,a87f7a65147e73d7e7843fb0cf85496e5611faf993c5f740edef1125dbf3bd84,355,0,0,0,0,0,0
jailbreakdb_regular_0831293,JailbreakDB-Regular,formal_academic,formal_academic,a3e1dd58dbc87ba7bd87f922c1c0eee1c05296d5d1d84136c47ee95f61de80ce,2356,2,0,0,0,1,0
jailbreakdb_regular_0836449,JailbreakDB-Regular,creative_writing,creative_writing,1882efab8364b89d74515f8cb49eaf25f07cb3936fe6a63252499c9f1c294495,331,0,0,0,0,0,1
jailbreakdb_regular_0836520,JailbreakDB-Regular,security_technical,security_technical,83e0d073878c82709e260f618d7bb33b1d0f0acfe733fae504b6975691e330ca,1502,0,0,0,0,0,0
jailbreakdb_regular_0837598,JailbreakDB-Regular,formal_academic,formal_academic,fc43f7f53163d8daf4d945d4b698699484ce56a174d09e160ba8ec82d58ceed0,1318,0,0,0,0,0,0
jailbreakdb_regular_0840662,JailbreakDB-Regular,non_native_english,non_native_english,6ab075f0794cbbfa6ff29d177b69e47564712250c23a6ec4acd1e6c9ad15d62f,1554,1,0,2,0,0,0
jailbreakdb_regular_0841083,JailbreakDB-Regular,informal_colloquial,informal_colloquial,145b9cb00a954635fd165f26d92eb52b68e9d3d459f1a38e20b7956795b6f8d2,339,0,0,0,0,0,0
jailbreakdb_regular_0842268,JailbreakDB-Regular,creative_writing,creative_writing,f2d98256eeb10cf500e8455139d732e47f98ea7c7305b336bda5186348d1abb7,1939,0,0,0,0,0,1
jailbreakdb_regular_0842404,JailbreakDB-Regular,medical_health,medical_health,1c912f504102f49456f460967ad61b19b0143c599ad19e65dd3612608c34da01,1460,0,0,0,0,1,0
jailbreakdb_regular_0844374,JailbreakDB-Regular,medical_health,medical_health,0bc35d6a24ca8f32e69c18e9e58300c570622561dff21de508fd1664dfa9fe88,311,0,0,0,0,0,0
jailbreakdb_regular_0846620,JailbreakDB-Regular,formal_academic,formal_academic,59ab6e71a69abb52feaf0785942a7b44d022b95afdbafdd352dc671e837c6047,902,1,0,0,0,0,0
jailbreakdb_regular_0849246,JailbreakDB-Regular,informal_colloquial,informal_colloquial,4a9b20297009b28c8d0b9eda6cf818dd2d39ac14de42a61563d5faf0a220031f,2393,0,2,0,0,0,1
jailbreakdb_regular_0849511,JailbreakDB-Regular,non_native_english,non_native_english,137b9ab1955900681984336aa590619d05017ba78bb1801faf713ebea6024ad5,281,0,0,0,0,0,0
jailbreakdb_regular_0849955,JailbreakDB-Regular,security_technical,security_technical,20f3330fbd086896a513d1236c2d2d5a0312307252b1c861ee2563f50b027d18,901,0,0,0,0,0,0
jailbreakdb_regular_0850177,JailbreakDB-Regular,creative_writing,creative_writing,f354b65bf9af372ed0f44dfd82c3224b9a1a6daa56ea03ff2d83ccff7ad361d1,3337,0,0,0,0,0,2
jailbreakdb_regular_0853899,JailbreakDB-Regular,non_native_english,non_native_english,1c9ed551881ad8f7de6dd486df91b6247fd62fa224da723cc885d3c942249cd7,725,0,1,1,0,0,0
jailbreakdb_regular_0854881,JailbreakDB-Regular,medical_health,medical_health,e761836de63479f42c7aaf68d9e5d5ef241bb30c5c6b2789fb50d2def6812163,1668,0,1,0,0,1,0
jailbreakdb_regular_0856164,JailbreakDB-Regular,formal_academic,formal_academic,03a91fed561ccb4f9c0276cba201b9beff3c9b212c2e94bcae07b162d9ef1ec1,648,1,0,0,0,0,0
jailbreakdb_regular_0857012,JailbreakDB-Regular,formal_academic,formal_academic,614f4cf8ec8ef00f1bdcc599c66188f86e13168b602a36d346e118b89ce569c1,490,0,0,0,0,0,0
jailbreakdb_regular_0858029,JailbreakDB-Regular,informal_colloquial,informal_colloquial,b16447760d0e790d54a1450a57bc7dab01bb3e409c01b4c817b1dcc88961bf77,479,0,0,0,0,0,0
jailbreakdb_regular_0861259,JailbreakDB-Regular,informal_colloquial,informal_colloquial,82ad03ccfbe407246abe801eaa46aee9c891107b02bccdc418a8729bf3c01756,1358,0,1,0,0,0,0
jailbreakdb_regular_0861462,JailbreakDB-Regular,creative_writing,creative_writing,1f9a5e6359588b61bf8712b47d0de86905814984b751e16fd31c32dd4358039f,1007,0,0,0,0,0,1
jailbreakdb_regular_0862076,JailbreakDB-Regular,formal_academic,formal_academic,03627eedefe2d01e45de5b487c0905fccbfa078cc1f87f6230bef80e3989133b,1805,2,0,0,0,1,1
jailbreakdb_regular_0864215,JailbreakDB-Regular,medical_health,medical_health,1cbde399f7f4570aea4d5e5b1c86f27855d8f3d025b60ee4564a58b6841ac5de,2361,0,0,0,0,0,0
jailbreakdb_regular_0864410,JailbreakDB-Regular,non_native_english,non_native_english,1779e5f31ddaac86e89ca907e5c91edf2784c296babe740a2bc962f8ff01b545,416,0,0,0,0,0,0
jailbreakdb_regular_0866467,JailbreakDB-Regular,security_technical,security_technical,bf13e16a8c2ce61db5e0621a9f434c433d55e7c4c2c80b34cf842597381b3c3e,654,0,0,0,0,0,0
jailbreakdb_regular_0870089,JailbreakDB-Regular,informal_colloquial,informal_colloquial,ed702c4885fc4b17cc6085a88c7670fd0f012132c46d8b04f729703ec19b2fad,2742,0,1,0,0,0,1
jailbreakdb_regular_0873241,JailbreakDB-Regular,creative_writing,creative_writing,f9da03ee09a5c6c6307872629410f0c704dfb33ee65d05eefb8a2f955255bb51,1045,0,0,0,0,0,1
jailbreakdb_regular_0873270,JailbreakDB-Regular,formal_academic,formal_academic,83a13b0ddcc89501d2783a2cfc06851a5f6741bdcf2e49f96e5e3c1c00baaec5,277,0,0,0,0,0,0
jailbreakdb_regular_0873596,JailbreakDB-Regular,informal_colloquial,informal_colloquial,4b5fe9ca3e5ac59ba9db3bb94ce412210a4d5c7342f05abcc4ba3dfae42bf0c1,338,0,0,0,0,0,0
jailbreakdb_regular_0874077,JailbreakDB-Regular,medical_health,medical_health,a73e98ab86325378efb680cb8bcdeda9eddcafff0e5ba39a184b6ee5851c1492,910,0,0,0,0,0,0
jailbreakdb_regular_0875026,JailbreakDB-Regular,creative_writing,creative_writing,7b5898c152bbb966ed02aedbc4ef0ea948b58d1a17e48ee10e0a060833fa8ccd,277,0,0,0,0,0,1
jailbreakdb_regular_0882265,JailbreakDB-Regular,non_native_english,non_native_english,458190cd2156930cbbea67e3c303119dd5cbb78dc8d951a424a75e7832d78ba3,2060,0,0,0,0,0,0
jailbreakdb_regular_0887389,JailbreakDB-Regular,formal_academic,formal_academic,2a5799aa4457f95156d58b641bc394db5c7d6113bcbd8b7552234f9b6df65c7d,417,1,0,0,0,0,0
jailbreakdb_regular_0887547,JailbreakDB-Regular,medical_health,medical_health,c844aa2ded82c0eba90e2a36431e3d0b8addc538c07404604dca93414eb16211,4590,0,1,0,0,1,0
jailbreakdb_regular_0893088,JailbreakDB-Regular,formal_academic,formal_academic,9e7fca69ba4a8da2c9b968d0e788cb64cd7bab68b92737d8a1df4940a16a1c0c,1087,1,0,0,0,0,0
jailbreakdb_regular_0894936,JailbreakDB-Regular,security_technical,security_technical,fea412d1f94bcfba4b2a8b9fceb41b5b4732ce42a20af9c1a210461e14a9b34f,184,0,0,0,0,0,0
jailbreakdb_regular_0895713,JailbreakDB-Regular,informal_colloquial,informal_colloquial,689357fd7ece6366937557ea831eca58afc3b231c31ff13c1be557e398d46c9d,819,0,1,0,0,0,0
jailbreakdb_regular_0897162,JailbreakDB-Regular,formal_academic,formal_academic,cbca4dfe50b6cf24f1cc7d909166714d286022001cb915094a243b0441a024f4,456,0,0,0,0,0,0
jailbreakdb_regular_0897627,JailbreakDB-Regular,creative_writing,creative_writing,302c2b341fffb4f3572fb979604ff3f44eee1d052e5ea93d64c9f476bee6e90e,2025,0,0,0,0,0,1
jailbreakdb_regular_0902152,JailbreakDB-Regular,creative_writing,creative_writing,f8538966fb16bc86593786ef5f8dce91b29bdf1d7caceea108e76e2b1a790466,2879,0,0,0,0,0,1
jailbreakdb_regular_0902239,JailbreakDB-Regular,creative_writing,creative_writing,f5fcd4ec218cab416618ec6fd068c6dedf4f54e41fdcb649afe0c61385baa2d2,936,0,0,0,0,0,1
jailbreakdb_regular_0903764,JailbreakDB-Regular,formal_academic,formal_academic,554fa2c47b9974fc3b200806e73bcec316787941e7a01f216b45862f5e25acad,1043,1,0,0,0,0,0
jailbreakdb_regular_0904941,JailbreakDB-Regular,formal_academic,formal_academic,662e0ce8ec7dad7badcbec345069db9923099849d1811fb0e1df533f07cef7e7,780,1,0,0,0,0,0
jailbreakdb_regular_0905465,JailbreakDB-Regular,informal_colloquial,informal_colloquial,0283de6218cfc2cffbbb78e860248d9d53ab861aa7bf6f94b9795e9411238cdb,379,0,0,0,0,0,0
jailbreakdb_regular_0906120,JailbreakDB-Regular,medical_health,medical_health,19a917fd6b03393d09de52f29a46b05473be8777094c944fca2a39d4edf34360,365,0,0,0,0,0,0
jailbreakdb_regular_0910382,JailbreakDB-Regular,non_native_english,non_native_english,9f6fd6668abc2a6a6f78f0069683da5c966867a0a4a530a09f0597b2cccda8cc,218,0,0,0,0,0,0
jailbreakdb_regular_0910899,JailbreakDB-Regular,medical_health,medical_health,6a44382d0ef28f637f36b0dd0cfafc60d6813ccd81fc40e4c6dd1b928f0b77e7,701,0,0,0,0,1,0
jailbreakdb_regular_0911331,JailbreakDB-Regular,security_technical,security_technical,54e0ef5aac540881aeaaf1817aa9dcfab12d84a6a64784ec3df1220e054040d3,230,0,0,0,0,0,0
jailbreakdb_regular_0914411,JailbreakDB-Regular,creative_writing,creative_writing,856b27ffb9357313c593ee7b380987412b932ea0589c5b90bd03b0cbf3516525,268,0,0,0,0,0,1
jailbreakdb_regular_0915767,JailbreakDB-Regular,formal_academic,formal_academic,f0d99f42df887d6f1425da2b0f61d42766d158ce1385709b79c014519e9360c2,390,0,0,0,0,0,0
jailbreakdb_regular_0918171,JailbreakDB-Regular,informal_colloquial,informal_colloquial,4e72ce0d7f75f69cfd6b0e98a00bebebd5485add9ce2049be3050cf180573c5c,292,0,0,0,0,0,0
jailbreakdb_regular_0918491,JailbreakDB-Regular,creative_writing,creative_writing,47d2a46bf1250e466579b41c849675d2f80fdfce1378d10adc3ce59773c2f437,171,0,0,0,0,0,1
jailbreakdb_regular_0919850,JailbreakDB-Regular,informal_colloquial,informal_colloquial,4ae76f9e6c6849bb69eb85a6448d55e88f3ae8fab508e529a90f46b0734c4b7c,2374,1,1,0,0,0,0
jailbreakdb_regular_0920817,JailbreakDB-Regular,medical_health,medical_health,8e2c547c6e4930bfc3b23f4d6f12ca28308d1e198e4e47d6a318387989e972c3,2267,0,0,0,0,0,0
jailbreakdb_regular_0922334,JailbreakDB-Regular,non_native_english,non_native_english,74371cc2c2e4fb40fe40c8b187599507504d24a9bee252566392ca71d0f37a64,274,0,0,0,0,0,0
jailbreakdb_regular_0922558,JailbreakDB-Regular,security_technical,security_technical,b78762c707addb9d68498911f931683a12fe283dfba52a7ae0db7b777cfb0346,467,0,0,0,0,0,0
jailbreakdb_regular_0924058,JailbreakDB-Regular,formal_academic,formal_academic,470c62f44c278047de9527ef6dd3cf7020a96b19c4e80f0e7b0691fdd0cb1f31,312,0,0,0,0,0,0
jailbreakdb_regular_0926169,JailbreakDB-Regular,informal_colloquial,informal_colloquial,6a3970941516a14e9ce16abe555e9046265a955b11c45c18b5f43968a31a1c12,1292,0,0,0,0,0,0
jailbreakdb_regular_0943917,JailbreakDB-Regular,creative_writing,creative_writing,91c6603df8667fee61e30244bb5ce7a27fc3b2940d937c07dde0f27f0de7d61b,1193,0,0,0,0,0,1
jailbreakdb_regular_0950108,JailbreakDB-Regular,medical_health,medical_health,fb973c6d37e36e9250aac2ed7cd3ad5e0e561e73e09c5912170faef1e6aa6fec,524,0,0,0,0,0,0
jailbreakdb_regular_0951102,JailbreakDB-Regular,non_native_english,non_native_english,9c82552f14867666d35b0307d9fdb18b499c9351adc4811aab7409a6e17083b1,508,0,0,0,0,0,0
jailbreakdb_regular_0951922,JailbreakDB-Regular,security_technical,security_technical,ca497d1c4f367101f524a2d4472aec7077dbf37c77f91fc29c59cc09081ee22d,268,0,0,0,0,0,0
jailbreakdb_regular_0952203,JailbreakDB-Regular,formal_academic,formal_academic,c8dcb1625366f0bbd915538413832bcd94d1a50aa69e7a99f336eb33d1a51100,211,0,0,0,0,0,0
jailbreakdb_regular_0953786,JailbreakDB-Regular,informal_colloquial,informal_colloquial,3c3a7165bddeb3dd3f78c8b706c51d745a8bd7aa38f8694b5f745b96cf2e79b9,2195,0,0,0,0,0,0
jailbreakdb_regular_0954714,JailbreakDB-Regular,medical_health,medical_health,3c69811754f8abe4c9345290873745323ef2e8659d7f4bb3740027587eff05a8,1348,0,0,0,0,0,0
jailbreakdb_regular_0955068,JailbreakDB-Regular,non_native_english,non_native_english,1979240c455b1acecb893efc74b102a5affd5aef792f76173bed507a1542fe0b,270,0,0,0,0,0,0
jailbreakdb_regular_0956720,JailbreakDB-Regular,security_technical,security_technical,068bf07e9afe8edb29dca2bcab90481afe0c443fd51de5be095c0270c1b6609d,425,0,0,0,0,0,0
jailbreakdb_regular_0961541,JailbreakDB-Regular,formal_academic,formal_academic,cd6217d42a524722e9d7d6f666b82edd41e0b8343f49dded05d624efca05c7d9,2488,0,0,0,0,0,0
jailbreakdb_regular_0963095,JailbreakDB-Regular,informal_colloquial,informal_colloquial,ce4b346ff2177a25c65c234285def09393e1ccec11a52995863d2148ad0edcaa,3772,0,0,0,0,0,0
jailbreakdb_regular_0973044,JailbreakDB-Regular,medical_health,medical_health,3cba65117b44f28ca09e9b22db7106f63fc014e422cecedc2b78acb9193c0481,404,0,0,0,0,0,0
jailbreakdb_regular_0973290,JailbreakDB-Regular,non_native_english,non_native_english,ce57a1bca97b4d6831e6ad42c0c8d92f7abd6b3e6cf3ae6121eb1293ebf2817c,409,0,0,0,0,0,0
jailbreakdb_regular_0974899,JailbreakDB-Regular,security_technical,security_technical,c170129ed1d7f0153b8b2c4fcf281757d408f73fcf6172a77ef3c8d04319b3cd,1889,0,0,0,1,0,0
jailbreakdb_regular_0975060,JailbreakDB-Regular,informal_colloquial,informal_colloquial,c31a259ec8540dc1a367be3c0c2b19dba3bdb4a2a97a896288aa5f6a64df1563,2563,0,1,0,0,0,0
jailbreakdb_regular_0976451,JailbreakDB-Regular,security_technical,security_technical,c79d1409d3f22b1d1edb559498211ed197d062866f028a05c8339d5843ecbdc6,567,0,0,0,0,0,0
jailbreakdb_regular_0978516,JailbreakDB-Regular,creative_writing,creative_writing,0c7778ec587d7057878668d59b6311a968a40bc83696d3486ff5240cb270d067,341,0,0,0,0,0,0
jailbreakdb_regular_0980220,JailbreakDB-Regular,formal_academic,formal_academic,2e1459272e9101c5d068d399c3b371ccf653691e220abc256ec93b9896a1abc7,1805,0,0,0,0,0,0
jailbreakdb_regular_0980826,JailbreakDB-Regular,informal_colloquial,informal_colloquial,7487d51849a89b29fa3abd8834b324881fa25139f18d8a6747af4df507ce366c,357,0,0,0,0,0,0
jailbreakdb_regular_0983874,JailbreakDB-Regular,medical_health,medical_health,f8ba976db850a52567a7859db0069a5c0e08287a7458d5f9e95a77dd95a93089,389,0,0,0,0,0,0
jailbreakdb_regular_0985127,JailbreakDB-Regular,creative_writing,creative_writing,ae991e4bb8411d26527972aee501162541c999ab14c6d184b7c33d5b3925a31a,700,0,0,0,0,0,1
jailbreakdb_regular_0985473,JailbreakDB-Regular,non_native_english,non_native_english,0d2f8fe92f3efbb5c0e86d392c7ba98043f5adb8c820c8fca5be17eef2ebee1f,411,0,0,0,0,0,0
jailbreakdb_regular_0986146,JailbreakDB-Regular,creative_writing,creative_writing,cc924856fe0d022f07299f8dc986c39360c5cd51213a0a44559c8b4a4ed19d78,2616,0,1,0,0,0,2
jailbreakdb_regular_0990135,JailbreakDB-Regular,security_technical,security_technical,0aa4ffabe6502ffbcff0391de8d32beea54212a5821e7ef9edbf3c645d0e39c1,401,0,0,0,0,0,0
jailbreakdb_regular_1000501,JailbreakDB-Regular,creative_writing,creative_writing,a2f6ea90ab3b7ad3f12715ccc0dbae2e7537257f3691f5dcdcf9ba6166d8f314,2290,0,0,0,0,0,0
jailbreakdb_regular_1002631,JailbreakDB-Regular,creative_writing,creative_writing,234e696abd014e4b0f3c14cacd195d3cd74d718672a45c690a97e2f68fb7a414,750,0,0,0,0,0,1
jailbreakdb_regular_1006558,JailbreakDB-Regular,formal_academic,formal_academic,4951219897104b3ca371a5e7c526940448dd38f75893bef583850d3d43e5625a,1266,1,0,0,0,0,0
jailbreakdb_regular_1009432,JailbreakDB-Regular,formal_academic,formal_academic,48ea30713504a8cf289c88a72bdb9ac4b678b2f22530b2682659012724d44b50,1992,0,0,0,0,0,0
jailbreakdb_regular_1010483,JailbreakDB-Regular,informal_colloquial,informal_colloquial,338670f8fbc69f0755135df688952a159fc3864d157f7344c1f8281c87e1e1de,1413,0,0,0,0,0,0
jailbreakdb_regular_1011688,JailbreakDB-Regular,medical_health,medical_health,d046bb1522c69518e781325b5e17fd267ac3710e44914a266f554da9d9034d63,1607,0,0,0,0,0,0
jailbreakdb_regular_1013780,JailbreakDB-Regular,non_native_english,non_native_english,ff65381a1feb6502679e5e7d01a18fe553818d6a195e1b388981b1fe6be184c4,119,0,0,0,0,0,0
jailbreakdb_regular_1014676,JailbreakDB-Regular,security_technical,security_technical,865827ee6554a9859ad44d96cd13ecd68d6f9668514d3145cd8453a465531816,96,0,0,0,0,0,0
jailbreakdb_regular_1018906,JailbreakDB-Regular,creative_writing,creative_writing,982ce5a9c9f5865069bd5d35ac78c0fea0a7d7c98f01996c3ab83f37da29b501,68,0,0,0,0,0,0
jailbreakdb_regular_1020347,JailbreakDB-Regular,formal_academic,formal_academic,437d224dc694b47ac8e2432b51a06101944c41f444b12f49dfdcb70c5489adce,67,0,0,0,0,0,0
jailbreakdb_regular_1021016,JailbreakDB-Regular,informal_colloquial,informal_colloquial,3121988b9abf50e197c28a923b6cb965ce53c8bcca5db1a78ed02d5046d0d60b,226,0,0,0,0,0,0
jailbreakdb_regular_1022257,JailbreakDB-Regular,medical_health,medical_health,580ec2d02300d60113350be9bb605546e6fe653b6f08e2c2fee46b8b89d85f7b,432,0,0,0,0,0,0
jailbreakdb_regular_1024064,JailbreakDB-Regular,non_native_english,non_native_english,8bcbde301ad681f8d145fb7d362ae7b5bd58af507f26fa312c6879f3cca0f721,427,0,0,0,0,0,0
jailbreakdb_regular_1028904,JailbreakDB-Regular,formal_academic,formal_academic,1c96d401835c92aebfa4d7cb5da10f7a7707e06265e62167db3192b0ff48dde8,1036,1,0,0,0,0,0
jailbreakdb_regular_1031067,JailbreakDB-Regular,security_technical,security_technical,99b0fc36a0f5c502e4aa4a05b427799cecd17035473f508cfeeda30776105b63,1127,0,0,0,0,0,0
jailbreakdb_regular_1031902,JailbreakDB-Regular,creative_writing,creative_writing,dcfb3998a7b7c766b38dec59924bf118a9280db3e1ff9a2d509da3ba01d9f192,875,0,0,0,0,0,0
jailbreakdb_regular_1034069,JailbreakDB-Regular,formal_academic,formal_academic,bdcda336f9473d01adbfbf76743fc1feffb18faf4aba1c044c2b2dd2e637ae82,128,0,0,0,0,0,0
jailbreakdb_regular_1034968,JailbreakDB-Regular,informal_colloquial,informal_colloquial,a6d827c3875c02b6e0e7270be70468036f3c52c14440229f06a9793997742a6e,1589,0,0,0,0,0,0
jailbreakdb_regular_1035267,JailbreakDB-Regular,medical_health,medical_health,b5013eb1c1b2db1f7eb99e0b780ab6c69f2d4e61657bb173f45f91a777fb8d50,5,0,0,0,0,0,0
jailbreakdb_regular_1040960,JailbreakDB-Regular,non_native_english,non_native_english,ab9f7fceb51bc9bb003d70c5c7fd5ead7bd439d6adaac780c230a10e2723ca2a,424,0,0,0,0,0,0
jailbreakdb_regular_1042387,JailbreakDB-Regular,security_technical,security_technical,a21c788b0559695abbd66070b933ce751912403f0ae0c70f3163d8065b534641,261,0,0,0,0,0,0
jailbreakdb_regular_1043376,JailbreakDB-Regular,formal_academic,formal_academic,75adaee5a49be766b70c3b02eef9229b506f75dfd533fdc9e62b2848c62af1b0,462,1,0,0,0,0,0
jailbreakdb_regular_1044015,JailbreakDB-Regular,creative_writing,creative_writing,10fb833395df68a85ce456dfbe6ace4ab71b097f37d781071fe3086e2d0e1cfc,654,0,0,0,0,0,0
jailbreakdb_regular_1044190,JailbreakDB-Regular,creative_writing,creative_writing,052a42a6f408b60c94039ad2fde389922da8a80823509776590e236a8bde5224,340,0,0,0,0,0,1
jailbreakdb_regular_1046830,JailbreakDB-Regular,formal_academic,formal_academic,8b1245f40cf7abe68cbdf287a010449aeb57716144e90db9b69e27d55f94b84b,349,0,0,0,0,0,0
jailbreakdb_regular_1048669,JailbreakDB-Regular,informal_colloquial,informal_colloquial,aac36bf3a77e49767fde6b5b6a8ac3f29c180a8d095c95fc85776e160c6d93ac,392,0,0,0,0,0,0
jailbreakdb_regular_1051068,JailbreakDB-Regular,medical_health,medical_health,40827830536dccf4a8fa1ff43810f9a0126a0e0271bf2d468a0cab88574350e8,143,0,0,0,0,0,0
jailbreakdb_regular_1051542,JailbreakDB-Regular,creative_writing,creative_writing,9da4b49d32ab9ac61491a84e569bd52166009fd8579798f291bdfd6f50389266,809,0,0,0,0,0,2
jailbreakdb_regular_1051616,JailbreakDB-Regular,formal_academic,formal_academic,34257bd543694f842d7b63eeb8079cc3b0d579369a63e4565e7fd6f91db7a573,330,1,0,0,0,0,0
jailbreakdb_regular_1053032,JailbreakDB-Regular,creative_writing,creative_writing,83a0089f3ff9e86c64d47f14676f7daae5e05204e7601a1648e318019099fd4b,576,0,0,0,1,0,2
jailbreakdb_regular_1054358,JailbreakDB-Regular,non_native_english,non_native_english,763337eac40ccf4bb0fedf02eb4aa19c42558ecfb39d9e804a8356de91871996,260,0,0,0,0,0,0
jailbreakdb_regular_1057980,JailbreakDB-Regular,formal_academic,formal_academic,e97ffd414ff43c1187b55fcf6f9a1eecb4f0ddbd368870ebbc41acacd84a5037,335,1,0,0,0,0,0
jailbreakdb_regular_1058984,JailbreakDB-Regular,formal_academic,formal_academic,b0a40c104194831839f65c1b2b6a771d847c45a774cf975d04f2ba43863fc435,438,1,0,0,0,0,0
jailbreakdb_regular_1060801,JailbreakDB-Regular,security_technical,security_technical,c68a46260a1dd4e3858f22e236ba140911f34af36133e21b49fd165ceb1eca81,812,0,0,0,0,0,0
jailbreakdb_regular_1067921,JailbreakDB-Regular,creative_writing,creative_writing,99dc5ad86b3185a555eac75b631b713a517c1f8b542b0989c19ac775844b9675,1056,0,0,0,0,0,0
jailbreakdb_regular_1074458,JailbreakDB-Regular,formal_academic,formal_academic,24c9d7778efe6f755da1d127ef245a6fa43f317f50b55c1b50c066e238680e2a,65,0,0,0,0,0,0
jailbreakdb_regular_1075335,JailbreakDB-Regular,informal_colloquial,informal_colloquial,a8b858c6f56b2012e48ad25d3b241c9875878c804aa57d73635ea357da8e1ceb,715,0,0,0,0,0,0
jailbreakdb_regular_1076917,JailbreakDB-Regular,medical_health,medical_health,538964a75aee217da78ad41246af4bc4cdd03065cb83f00aa660c89e45948e42,858,0,0,0,0,0,0
jailbreakdb_regular_1078355,JailbreakDB-Regular,non_native_english,non_native_english,11d6b1d4d6d8ab99bd2ec3765c2bc1cbf18d566eadbf5d3adb62aecd75dcf5fa,370,0,0,0,0,0,0
jailbreakdb_regular_1080173,JailbreakDB-Regular,security_technical,security_technical,74875942784d3c78449ee11df139abf6ea747a19d5d0628f1a748b7838ae51a4,845,0,0,0,0,0,0
jailbreakdb_regular_1083013,JailbreakDB-Regular,creative_writing,creative_writing,42842d7b06e275dcb00a81efaac26864d179585cac105f22fb8d35021f01dbcb,165,0,0,0,0,0,0
jailbreakdb_regular_1086240,JailbreakDB-Regular,formal_academic,formal_academic,cdde8bad165818902f821781fe02abc26bf2a453bc2a2f94625be727d0122bbc,197,0,0,0,0,0,0
jailbreakdb_regular_1088716,JailbreakDB-Regular,informal_colloquial,informal_colloquial,25de034843311a33a06b4c9a5e1dc8d94b86ef7d97cedfb784dcd8b8e16a894d,510,0,0,0,0,0,0
jailbreakdb_regular_1089308,JailbreakDB-Regular,medical_health,medical_health,c280229a89a3682bf19891e2ea8d5e409082207baf91c4e279be30347e4a5ca4,671,0,0,0,0,0,0
jailbreakdb_regular_1090269,JailbreakDB-Regular,non_native_english,non_native_english,a81cc4e971b3cc3778ed6ddf5631ac72a6e08f7d1d13a22bf2c8c24d6806e410,662,0,0,0,0,0,0
jailbreakdb_regular_1091860,JailbreakDB-Regular,security_technical,security_technical,d45349cd2deda92ccc2df18fbd74adf0a8263c9802d3f0744103937d4a8431ff,608,0,0,0,0,0,0
jailbreakdb_regular_1092020,JailbreakDB-Regular,security_technical,security_technical,3c5950b6d275b787046bc687cdc113eb50f0509b5f4aefc1cc29e0679addab24,1873,1,0,0,1,0,0
jailbreakdb_regular_1093716,JailbreakDB-Regular,creative_writing,creative_writing,6c3d95a20ad3b4af49eede8befe05f920556117d60cf47225ad4f5f8b812e675,3911,0,0,0,0,0,0
