motif,jailbreak_count,safe_count,jailbreak_rate,safe_rate,smoothed_odds_ratio
"nodes:gradual_escalation,harmful_intent|edges:gradual_escalation>harmful_intent",364,0,0.121374,0.000000,166.103017
"nodes:gradual_escalation,roleplay|edges:roleplay>gradual_escalation",251,0,0.083695,0.000000,109.896853
"nodes:gradual_escalation,instruction_override|edges:gradual_escalation>instruction_override",216,0,0.072024,0.000000,93.413508
"nodes:gradual_escalation,harmful_intent,roleplay|edges:gradual_escalation>harmful_intent",171,0,0.057019,0.000000,72.820046
"nodes:authority_claim,gradual_escalation|edges:authority_claim>gradual_escalation",135,0,0.045015,0.000000,56.811136
"nodes:fiction,roleplay|edges:roleplay>fiction",122,0,0.040680,0.000000,51.128584
"nodes:authority_claim,roleplay|edges:roleplay>authority_claim",118,0,0.039346,0.000000,49.390422
"nodes:authority_claim,gradual_escalation,roleplay|edges:authority_claim>gradual_escalation,roleplay>authority_claim",116,0,0.038680,0.000000,48.523149
"nodes:authority_claim,harmful_intent,roleplay|edges:roleplay>authority_claim",104,0,0.034678,0.000000,43.344673
"nodes:authority_claim,gradual_escalation,harmful_intent|edges:authority_claim>gradual_escalation,gradual_escalation>harmful_intent",102,0,0.034011,0.000000,42.485764
"nodes:gradual_escalation,hypothetical|edges:hypothetical>gradual_escalation",101,0,0.033678,0.000000,42.056753
"nodes:fiction,hypothetical|edges:fiction>hypothetical",101,0,0.033678,0.000000,42.056753
"nodes:fiction,hypothetical,roleplay|edges:fiction>hypothetical,roleplay>fiction",100,0,0.033344,0.000000,41.628039
"nodes:gradual_escalation,hypothetical,roleplay|edges:hypothetical>gradual_escalation",100,0,0.033344,0.000000,41.628039
"nodes:fiction,gradual_escalation,roleplay|edges:roleplay>fiction",100,0,0.033344,0.000000,41.628039
"nodes:gradual_escalation,harmful_intent,roleplay|edges:gradual_escalation>harmful_intent,roleplay>gradual_escalation",98,0,0.032678,0.000000,40.771498
"nodes:authority_claim,gradual_escalation,harmful_intent,roleplay|edges:authority_claim>gradual_escalation,gradual_escalation>harmful_intent,roleplay>authority_claim",98,0,0.032678,0.000000,40.771498
"nodes:fiction,gradual_escalation,hypothetical,roleplay|edges:fiction>hypothetical,hypothetical>gradual_escalation,roleplay>fiction",98,0,0.032678,0.000000,40.771498
"nodes:fiction,gradual_escalation,hypothetical|edges:fiction>hypothetical,hypothetical>gradual_escalation",98,0,0.032678,0.000000,40.771498
"nodes:gradual_escalation,instruction_override,roleplay|edges:gradual_escalation>instruction_override,roleplay>gradual_escalation",88,0,0.029343,0.000000,36.506440
"nodes:harmful_intent,instruction_override|edges:instruction_override>harmful_intent",82,0,0.027342,0.000000,33.961440
"nodes:fiction,harmful_intent,roleplay|edges:roleplay>fiction",77,0,0.025675,0.000000,31.848589
"nodes:emotional_manipulation,instruction_override|edges:instruction_override>emotional_manipulation",75,0,0.025008,0.000000,31.005471
"nodes:gradual_escalation,harmful_intent,hypothetical|edges:gradual_escalation>harmful_intent,hypothetical>gradual_escalation",72,0,0.024008,0.000000,29.742955
"nodes:fiction,gradual_escalation,harmful_intent|edges:gradual_escalation>harmful_intent",72,0,0.024008,0.000000,29.742955
"nodes:fiction,harmful_intent,hypothetical|edges:fiction>hypothetical",71,0,0.023675,0.000000,29.322691
"nodes:fiction,harmful_intent,hypothetical,roleplay|edges:fiction>hypothetical,roleplay>fiction",71,0,0.023675,0.000000,29.322691
"nodes:gradual_escalation,harmful_intent,hypothetical,roleplay|edges:gradual_escalation>harmful_intent,hypothetical>gradual_escalation",71,0,0.023675,0.000000,29.322691
"nodes:fiction,gradual_escalation,harmful_intent,roleplay|edges:gradual_escalation>harmful_intent,roleplay>fiction",71,0,0.023675,0.000000,29.322691
"nodes:emotional_manipulation,instruction_override,roleplay|edges:instruction_override>emotional_manipulation",70,0,0.023341,0.000000,28.902714
"nodes:emotional_manipulation,gradual_escalation,instruction_override|edges:gradual_escalation>instruction_override,instruction_override>emotional_manipulation",69,0,0.023008,0.000000,28.483023
"nodes:fiction,gradual_escalation,harmful_intent,hypothetical|edges:fiction>hypothetical,gradual_escalation>harmful_intent,hypothetical>gradual_escalation",69,0,0.023008,0.000000,28.483023
"nodes:emotional_manipulation,harmful_intent|edges:emotional_manipulation>harmful_intent",68,0,0.022674,0.000000,28.063619
"nodes:gradual_escalation,harmful_intent,instruction_override|edges:gradual_escalation>instruction_override,instruction_override>harmful_intent",68,0,0.022674,0.000000,28.063619
"nodes:fiction,harmful_intent|edges:fiction>harmful_intent",66,0,0.022007,0.000000,27.225669
"nodes:harmful_intent,hypothetical|edges:hypothetical>harmful_intent",66,0,0.022007,0.000000,27.225669
"nodes:gradual_escalation,harmful_intent,roleplay|edges:roleplay>gradual_escalation",65,0,0.021674,0.000000,26.807122
"nodes:emotional_manipulation,gradual_escalation,roleplay|edges:roleplay>gradual_escalation",64,0,0.021340,0.000000,26.388861
"nodes:emotional_manipulation,gradual_escalation,instruction_override,roleplay|edges:gradual_escalation>instruction_override,instruction_override>emotional_manipulation,roleplay>gradual_escalation",64,0,0.021340,0.000000,26.388861
"nodes:hypothetical,roleplay|edges:roleplay>hypothetical",61,0,0.020340,0.000000,25.135784
"nodes:harmful_intent,hypothetical,roleplay|edges:hypothetical>harmful_intent,roleplay>hypothetical",59,0,0.019673,0.000000,24.301819
"nodes:emotional_manipulation,harmful_intent,roleplay|edges:emotional_manipulation>harmful_intent",54,0,0.018006,0.000000,22.221864
"nodes:emotional_manipulation,gradual_escalation|edges:gradual_escalation>emotional_manipulation",52,0,0.017339,0.000000,21.391858
"nodes:emotional_manipulation,harmful_intent,instruction_override|edges:emotional_manipulation>harmful_intent,instruction_override>emotional_manipulation",37,0,0.012337,0.000000,15.202532
"nodes:emotional_manipulation,harmful_intent,instruction_override,roleplay|edges:emotional_manipulation>harmful_intent,instruction_override>emotional_manipulation",33,0,0.011004,0.000000,13.562616
"nodes:emotional_manipulation,gradual_escalation,harmful_intent,instruction_override|edges:emotional_manipulation>harmful_intent,gradual_escalation>instruction_override,instruction_override>emotional_manipulation",33,0,0.011004,0.000000,13.562616
"nodes:emotional_manipulation,gradual_escalation,harmful_intent|edges:emotional_manipulation>harmful_intent",33,0,0.011004,0.000000,13.562616
"nodes:gradual_escalation,harmful_intent,instruction_override|edges:gradual_escalation>instruction_override",33,0,0.011004,0.000000,13.562616
"nodes:emotional_manipulation,gradual_escalation,harmful_intent,roleplay|edges:emotional_manipulation>harmful_intent,roleplay>gradual_escalation",32,0,0.010670,0.000000,13.153328
"nodes:gradual_escalation,harmful_intent,instruction_override,roleplay|edges:gradual_escalation>instruction_override,roleplay>gradual_escalation",32,0,0.010670,0.000000,13.153328
"nodes:emotional_manipulation,gradual_escalation,roleplay|edges:gradual_escalation>emotional_manipulation,roleplay>gradual_escalation",31,0,0.010337,0.000000,12.744315
"nodes:harmful_intent,roleplay|edges:roleplay>harmful_intent",30,0,0.010003,0.000000,12.335578
"nodes:emotional_manipulation,gradual_escalation,harmful_intent|edges:emotional_manipulation>harmful_intent,gradual_escalation>emotional_manipulation",21,0,0.007002,0.000000,8.669297
"nodes:harmful_intent,instruction_override,roleplay|edges:instruction_override>harmful_intent",19,0,0.006335,0.000000,7.857574
"nodes:emotional_manipulation,gradual_escalation,harmful_intent,roleplay|edges:emotional_manipulation>harmful_intent,gradual_escalation>emotional_manipulation,roleplay>gradual_escalation",17,0,0.005669,0.000000,7.046940
"nodes:gradual_escalation,harmful_intent,instruction_override,roleplay|edges:gradual_escalation>instruction_override,instruction_override>harmful_intent,roleplay>gradual_escalation",15,0,0.005002,0.000000,6.237393
"nodes:authority_claim,harmful_intent|edges:authority_claim>harmful_intent",12,0,0.004001,0.000000,5.025105
"nodes:fiction,gradual_escalation|edges:fiction>gradual_escalation",11,0,0.003668,0.000000,4.621549
"nodes:authority_claim,emotional_manipulation,gradual_escalation|edges:authority_claim>gradual_escalation,gradual_escalation>emotional_manipulation",10,0,0.003334,0.000000,4.218264
"nodes:gradual_escalation,instruction_override,roleplay|edges:gradual_escalation>instruction_override",9,0,0.003001,0.000000,3.815248
"nodes:authority_claim,gradual_escalation,instruction_override|edges:authority_claim>gradual_escalation,gradual_escalation>instruction_override",8,0,0.002668,0.000000,3.412502
"nodes:authority_claim,emotional_manipulation,roleplay|edges:roleplay>authority_claim",7,0,0.002334,0.000000,3.010025
"nodes:authority_claim,gradual_escalation,harmful_intent|edges:authority_claim>gradual_escalation",7,0,0.002334,0.000000,3.010025
"nodes:authority_claim,instruction_override,roleplay|edges:roleplay>authority_claim",7,0,0.002334,0.000000,3.010025
"nodes:harmful_intent,indirect_request|edges:indirect_request>harmful_intent",6,0,0.002001,0.000000,2.607817
"nodes:fiction,harmful_intent,roleplay|edges:fiction>harmful_intent,roleplay>fiction",6,0,0.002001,0.000000,2.607817
"nodes:gradual_escalation,obfuscation|edges:obfuscation>gradual_escalation",6,0,0.002001,0.000000,2.607817
"nodes:authority_claim,emotional_manipulation,gradual_escalation|edges:authority_claim>gradual_escalation",6,0,0.002001,0.000000,2.607817
"nodes:gradual_escalation,indirect_request|edges:gradual_escalation>indirect_request",6,0,0.002001,0.000000,2.607817
"nodes:authority_claim,gradual_escalation,instruction_override,roleplay|edges:authority_claim>gradual_escalation,gradual_escalation>instruction_override,roleplay>authority_claim",6,0,0.002001,0.000000,2.607817
"nodes:fiction,gradual_escalation,roleplay|edges:fiction>gradual_escalation,roleplay>fiction",5,0,0.001667,0.000000,2.205877
"nodes:authority_claim,harmful_intent,instruction_override|edges:instruction_override>harmful_intent",5,0,0.001667,0.000000,2.205877
"nodes:authority_claim,gradual_escalation,harmful_intent,roleplay|edges:authority_claim>gradual_escalation,roleplay>authority_claim",5,0,0.001667,0.000000,2.205877
"nodes:authority_claim,emotional_manipulation,instruction_override,roleplay|edges:instruction_override>emotional_manipulation,roleplay>authority_claim",5,0,0.001667,0.000000,2.205877
"nodes:emotional_manipulation,gradual_escalation,instruction_override,roleplay|edges:gradual_escalation>instruction_override,instruction_override>emotional_manipulation",5,0,0.001667,0.000000,2.205877
"nodes:authority_claim,emotional_manipulation,instruction_override|edges:instruction_override>emotional_manipulation",5,0,0.001667,0.000000,2.205877
"nodes:authority_claim,emotional_manipulation,gradual_escalation,roleplay|edges:authority_claim>gradual_escalation,roleplay>authority_claim",5,0,0.001667,0.000000,2.205877
"nodes:authority_claim,fiction|edges:fiction>authority_claim",4,0,0.001334,0.000000,1.804206
"nodes:authority_claim,gradual_escalation,indirect_request|edges:authority_claim>gradual_escalation,gradual_escalation>indirect_request",4,0,0.001334,0.000000,1.804206
"nodes:authority_claim,emotional_manipulation,gradual_escalation,instruction_override|edges:authority_claim>gradual_escalation,gradual_escalation>instruction_override,instruction_override>emotional_manipulation",4,0,0.001334,0.000000,1.804206
"nodes:gradual_escalation,harmful_intent,instruction_override,roleplay|edges:gradual_escalation>instruction_override,instruction_override>harmful_intent",4,0,0.001334,0.000000,1.804206
"nodes:fiction,gradual_escalation,harmful_intent|edges:fiction>gradual_escalation,gradual_escalation>harmful_intent",3,0,0.001000,0.000000,1.402803
"nodes:context_shift,gradual_escalation|edges:context_shift>gradual_escalation",3,0,0.001000,0.000000,1.402803
"nodes:emotional_manipulation,gradual_escalation,roleplay|edges:gradual_escalation>emotional_manipulation",3,0,0.001000,0.000000,1.402803
"nodes:authority_claim,emotional_manipulation,gradual_escalation,harmful_intent|edges:authority_claim>gradual_escalation,emotional_manipulation>harmful_intent,gradual_escalation>emotional_manipulation",3,0,0.001000,0.000000,1.402803
"nodes:authority_claim,emotional_manipulation,harmful_intent|edges:emotional_manipulation>harmful_intent",3,0,0.001000,0.000000,1.402803
"nodes:harmful_intent,indirect_request,roleplay|edges:indirect_request>harmful_intent",3,0,0.001000,0.000000,1.402803
"nodes:gradual_escalation,harmful_intent,indirect_request|edges:gradual_escalation>indirect_request,indirect_request>harmful_intent",3,0,0.001000,0.000000,1.402803
"nodes:fiction,harmful_intent,instruction_override|edges:instruction_override>harmful_intent",3,0,0.001000,0.000000,1.402803
"nodes:fiction,gradual_escalation,harmful_intent,instruction_override|edges:gradual_escalation>instruction_override,instruction_override>harmful_intent",3,0,0.001000,0.000000,1.402803
"nodes:fiction,instruction_override,roleplay|edges:roleplay>fiction",3,0,0.001000,0.000000,1.402803
"nodes:fiction,gradual_escalation,instruction_override|edges:gradual_escalation>instruction_override",3,0,0.001000,0.000000,1.402803
"nodes:harmful_intent,hypothetical,roleplay|edges:hypothetical>harmful_intent",3,0,0.001000,0.000000,1.402803
"nodes:fiction,harmful_intent,hypothetical|edges:fiction>hypothetical,hypothetical>harmful_intent",3,0,0.001000,0.000000,1.402803
"nodes:authority_claim,gradual_escalation,harmful_intent,instruction_override|edges:authority_claim>gradual_escalation,gradual_escalation>instruction_override,instruction_override>harmful_intent",3,0,0.001000,0.000000,1.402803
"nodes:authority_claim,hypothetical|edges:authority_claim>hypothetical",3,0,0.001000,0.000000,1.402803
"nodes:authority_claim,fiction,harmful_intent|edges:fiction>authority_claim",3,0,0.001000,0.000000,1.402803
"nodes:context_shift,roleplay|edges:roleplay>context_shift",2,0,0.000667,0.000000,1.001668
"nodes:harmful_intent,instruction_override,obfuscation|edges:instruction_override>harmful_intent,obfuscation>instruction_override",2,0,0.000667,0.000000,1.001668
"nodes:instruction_override,obfuscation|edges:obfuscation>instruction_override",2,0,0.000667,0.000000,1.001668
