field,value,count
type,jailbreak,2999
type,safe,600
source_dataset,AdvBench,520
source_dataset,HarmBench,391
source_dataset,JailbreakBench,189
source_dataset,JailbreakDB-Jailbreak,12
source_dataset,JailbreakDB-Regular,500
source_dataset,JailbreakV-28K,1687
source_dataset,JailbreakV-28K-RedTeam,300
difficulty,easy,3009
difficulty,hard,324
difficulty,medium,266
attack_type,encoding,14
attack_type,none,600
attack_type,obfuscation,187
attack_type,reasoning,2072
attack_type,roleplay,726
safe_subgroup,creative_writing,100
safe_subgroup,formal_academic,100
safe_subgroup,informal_colloquial,100
safe_subgroup,medical_health,100
safe_subgroup,non_native_english,100
safe_subgroup,security_technical,100
