model,metric,n_bootstrap,mean,ci95_low,ci95_high
Text TFIDF LR,accuracy,1000,0.920295,0.901217,0.940195
Text TFIDF LR,brier,1000,0.073200,0.065245,0.081381
Text TFIDF LR,f1,1000,0.950763,0.938289,0.963282
Text TFIDF LR,precision,1000,0.978458,0.965390,0.989548
Text TFIDF LR,recall,1000,0.924672,0.903936,0.945318
Text TFIDF LR,roc_auc,1000,0.972777,0.959545,0.983841
Graph Structural LR,accuracy,1000,0.435103,0.397775,0.472879
Graph Structural LR,brier,1000,0.225890,0.214243,0.237542
Graph Structural LR,f1,1000,0.486340,0.442967,0.530213
Graph Structural LR,precision,1000,1.000000,1.000000,1.000000
Graph Structural LR,recall,1000,0.321594,0.284495,0.360742
Graph Structural LR,roc_auc,1000,0.660797,0.642247,0.680371
Graph NoIntent LR,accuracy,1000,0.878122,0.855355,0.901252
Graph NoIntent LR,brier,1000,0.095139,0.077570,0.112605
Graph NoIntent LR,f1,1000,0.921043,0.904935,0.936732
Graph NoIntent LR,precision,1000,1.000000,1.000000,1.000000
Graph NoIntent LR,recall,1000,0.853740,0.826376,0.880993
Graph NoIntent LR,roc_auc,1000,0.926870,0.913188,0.940496
Hybrid TFIDF+Graph NoIntent LR,accuracy,1000,0.936473,0.917942,0.952712
Hybrid TFIDF+Graph NoIntent LR,brier,1000,0.040561,0.032039,0.050009
Hybrid TFIDF+Graph NoIntent LR,f1,1000,0.960375,0.948379,0.970565
Hybrid TFIDF+Graph NoIntent LR,precision,1000,0.998203,0.994505,1.000000
Hybrid TFIDF+Graph NoIntent LR,recall,1000,0.925366,0.903810,0.944821
Hybrid TFIDF+Graph NoIntent LR,roc_auc,1000,0.995276,0.991224,0.998319
SentenceEmbedding LR,accuracy,1000,0.903171,0.881745,0.923505
SentenceEmbedding LR,brier,1000,0.077444,0.066444,0.089036
SentenceEmbedding LR,f1,1000,0.939968,0.925758,0.953490
SentenceEmbedding LR,precision,1000,0.971901,0.956522,0.984219
SentenceEmbedding LR,recall,1000,0.910159,0.886282,0.932457
SentenceEmbedding LR,roc_auc,1000,0.951579,0.931478,0.969969
SentenceEmbedding+Graph Structural LR,accuracy,1000,0.908035,0.887309,0.927677
SentenceEmbedding+Graph Structural LR,brier,1000,0.071660,0.061584,0.083067
SentenceEmbedding+Graph Structural LR,f1,1000,0.942917,0.928885,0.955844
SentenceEmbedding+Graph Structural LR,precision,1000,0.974892,0.961266,0.987296
SentenceEmbedding+Graph Structural LR,recall,1000,0.913056,0.890388,0.934455
SentenceEmbedding+Graph Structural LR,roc_auc,1000,0.961718,0.942485,0.976541
