base_id,variant_id,source_dataset,prompt_sha256,turns_json,model_name,model_version,attack_success,judge_protocol,notes
advbench_0011,advbench_0011_mt_1,AdvBench,a71dbdbd72c91008b1006693bf37e835e079b90dfaa3b377225a88e75f253e8c,,,,,,
advbench_0011,advbench_0011_mt_2,AdvBench,a71dbdbd72c91008b1006693bf37e835e079b90dfaa3b377225a88e75f253e8c,,,,,,
advbench_0014,advbench_0014_mt_1,AdvBench,7824761274cdecf06f67a0a1e690df7183d1affb3fe418b2b8823e7621fa68b5,,,,,,
advbench_0014,advbench_0014_mt_2,AdvBench,7824761274cdecf06f67a0a1e690df7183d1affb3fe418b2b8823e7621fa68b5,,,,,,
advbench_0018,advbench_0018_mt_1,AdvBench,b4f6156560fbed523a4805e9e618ff8aed8d19fca005fed95b2433b389b22198,,,,,,
advbench_0018,advbench_0018_mt_2,AdvBench,b4f6156560fbed523a4805e9e618ff8aed8d19fca005fed95b2433b389b22198,,,,,,
advbench_0028,advbench_0028_mt_1,AdvBench,fff52b4ba335b96f817e2a8da757befcaff2a36e74ac069b139b3715f631f014,,,,,,
advbench_0028,advbench_0028_mt_2,AdvBench,fff52b4ba335b96f817e2a8da757befcaff2a36e74ac069b139b3715f631f014,,,,,,
advbench_0032,advbench_0032_mt_1,AdvBench,5b62a2ea9e29e30c9ef88aa0ce489e6a285ad1b98752ea76d2e5f70cbaf655b6,,,,,,
advbench_0032,advbench_0032_mt_2,AdvBench,5b62a2ea9e29e30c9ef88aa0ce489e6a285ad1b98752ea76d2e5f70cbaf655b6,,,,,,
advbench_0057,advbench_0057_mt_1,AdvBench,933626caf97fc27a86da036842e77968d13750bc3521f023c1970b72ecc7eb97,,,,,,
advbench_0057,advbench_0057_mt_2,AdvBench,933626caf97fc27a86da036842e77968d13750bc3521f023c1970b72ecc7eb97,,,,,,
advbench_0083,advbench_0083_mt_1,AdvBench,612fa7c6c22692f018df82e26c618fa998ed13ee72be04a6fa891c8a9271fe15,,,,,,
advbench_0083,advbench_0083_mt_2,AdvBench,612fa7c6c22692f018df82e26c618fa998ed13ee72be04a6fa891c8a9271fe15,,,,,,
advbench_0084,advbench_0084_mt_1,AdvBench,8b9901562c7f619ae7b78a78deee2cc2ab7aabc10baba4a5fa1a7de8d33918b0,,,,,,
advbench_0084,advbench_0084_mt_2,AdvBench,8b9901562c7f619ae7b78a78deee2cc2ab7aabc10baba4a5fa1a7de8d33918b0,,,,,,
advbench_0088,advbench_0088_mt_1,AdvBench,cc1baa601e2303428071d7ff2263f85ff046d65f51c3f48dd806a547cee99212,,,,,,
advbench_0088,advbench_0088_mt_2,AdvBench,cc1baa601e2303428071d7ff2263f85ff046d65f51c3f48dd806a547cee99212,,,,,,
advbench_0097,advbench_0097_mt_1,AdvBench,94639dbc7f1ba728d5cc1c36f2ca2d3df4689a1251248dba75739c416ba808ba,,,,,,
advbench_0097,advbench_0097_mt_2,AdvBench,94639dbc7f1ba728d5cc1c36f2ca2d3df4689a1251248dba75739c416ba808ba,,,,,,
advbench_0104,advbench_0104_mt_1,AdvBench,c06fb149a4c60c1b0999f5610a0dbcc9dad865f096c83e6937adb5ce0b860503,,,,,,
advbench_0104,advbench_0104_mt_2,AdvBench,c06fb149a4c60c1b0999f5610a0dbcc9dad865f096c83e6937adb5ce0b860503,,,,,,
advbench_0106,advbench_0106_mt_1,AdvBench,ddc2d907bc73120c3412ccc8216cafbc1bda767567fa60875c87302663a2f85a,,,,,,
advbench_0106,advbench_0106_mt_2,AdvBench,ddc2d907bc73120c3412ccc8216cafbc1bda767567fa60875c87302663a2f85a,,,,,,
advbench_0107,advbench_0107_mt_1,AdvBench,1a88ebd94b15320b41650e124cb941fc35c2edeb5b17ce5a5a4a4cb98918e098,,,,,,
advbench_0107,advbench_0107_mt_2,AdvBench,1a88ebd94b15320b41650e124cb941fc35c2edeb5b17ce5a5a4a4cb98918e098,,,,,,
advbench_0118,advbench_0118_mt_1,AdvBench,bfbf018126352d402aeade6aa879a4ab3049f015c0a870619f64e9c302a4adef,,,,,,
advbench_0118,advbench_0118_mt_2,AdvBench,bfbf018126352d402aeade6aa879a4ab3049f015c0a870619f64e9c302a4adef,,,,,,
advbench_0124,advbench_0124_mt_1,AdvBench,50e088142202352cc5f2dc22796b1a1581b318e828472d26808e7188aa42cddf,,,,,,
advbench_0124,advbench_0124_mt_2,AdvBench,50e088142202352cc5f2dc22796b1a1581b318e828472d26808e7188aa42cddf,,,,,,
advbench_0134,advbench_0134_mt_1,AdvBench,772cc5d83a2aca2455c4e43b3f863a68b59f1e8ef1af9ba5d3dba8f2e814a07e,,,,,,
advbench_0134,advbench_0134_mt_2,AdvBench,772cc5d83a2aca2455c4e43b3f863a68b59f1e8ef1af9ba5d3dba8f2e814a07e,,,,,,
advbench_0152,advbench_0152_mt_1,AdvBench,0dc0a19ae68441aefd33157c3901f9d54b418453ec65f68fcebbde308be5ad87,,,,,,
advbench_0152,advbench_0152_mt_2,AdvBench,0dc0a19ae68441aefd33157c3901f9d54b418453ec65f68fcebbde308be5ad87,,,,,,
advbench_0184,advbench_0184_mt_1,AdvBench,754228e457cacd522dda74a109b701c74e713ae624256705065c70ff49955053,,,,,,
advbench_0184,advbench_0184_mt_2,AdvBench,754228e457cacd522dda74a109b701c74e713ae624256705065c70ff49955053,,,,,,
advbench_0199,advbench_0199_mt_1,AdvBench,61823f1bf9aefbf1540c8161c789536441333db139b419b3e3a8de258995acf1,,,,,,
advbench_0199,advbench_0199_mt_2,AdvBench,61823f1bf9aefbf1540c8161c789536441333db139b419b3e3a8de258995acf1,,,,,,
advbench_0263,advbench_0263_mt_1,AdvBench,ee824eb3a8ef84607ed51c77c28f088035209cc01d03cbdc9500576e32ec0466,,,,,,
advbench_0263,advbench_0263_mt_2,AdvBench,ee824eb3a8ef84607ed51c77c28f088035209cc01d03cbdc9500576e32ec0466,,,,,,
advbench_0278,advbench_0278_mt_1,AdvBench,08c8fd4a255a48ec3d73fbd30b445ed05c0726685ed688a11cd876f737e8fd51,,,,,,
advbench_0278,advbench_0278_mt_2,AdvBench,08c8fd4a255a48ec3d73fbd30b445ed05c0726685ed688a11cd876f737e8fd51,,,,,,
advbench_0280,advbench_0280_mt_1,AdvBench,b730d9d4ba68db1078220c8a00c04dd79ea214ba0a745c058e3c67128d2dd1f1,,,,,,
advbench_0280,advbench_0280_mt_2,AdvBench,b730d9d4ba68db1078220c8a00c04dd79ea214ba0a745c058e3c67128d2dd1f1,,,,,,
advbench_0298,advbench_0298_mt_1,AdvBench,9ffff4edadd76d35ac833fced492f88a35d0e73d2ac6b186e0c85d8afe9dc1b7,,,,,,
advbench_0298,advbench_0298_mt_2,AdvBench,9ffff4edadd76d35ac833fced492f88a35d0e73d2ac6b186e0c85d8afe9dc1b7,,,,,,
advbench_0301,advbench_0301_mt_1,AdvBench,160f6f675c3834d93c849b5bbedd891241433d1c8aa41d0b84e5148906dc5bc7,,,,,,
advbench_0301,advbench_0301_mt_2,AdvBench,160f6f675c3834d93c849b5bbedd891241433d1c8aa41d0b84e5148906dc5bc7,,,,,,
advbench_0311,advbench_0311_mt_1,AdvBench,de2912f15f10cc5d2eddc6038838ba216027bea190a1e191b708b469ea702756,,,,,,
advbench_0311,advbench_0311_mt_2,AdvBench,de2912f15f10cc5d2eddc6038838ba216027bea190a1e191b708b469ea702756,,,,,,
advbench_0330,advbench_0330_mt_1,AdvBench,c0ea3feda03bdf33d037dd479ff226033c626a446b0eae11513fe3401afc52da,,,,,,
advbench_0330,advbench_0330_mt_2,AdvBench,c0ea3feda03bdf33d037dd479ff226033c626a446b0eae11513fe3401afc52da,,,,,,
advbench_0334,advbench_0334_mt_1,AdvBench,1a472afd94602d34f4d03fd0bdf487fd94394ea79bf78a3ff251524da9eb5310,,,,,,
advbench_0334,advbench_0334_mt_2,AdvBench,1a472afd94602d34f4d03fd0bdf487fd94394ea79bf78a3ff251524da9eb5310,,,,,,
advbench_0381,advbench_0381_mt_1,AdvBench,a82f6b0f89dfc3b500aa4a131459e25019a7b39d5805da3adc200d1e5c16cff8,,,,,,
advbench_0381,advbench_0381_mt_2,AdvBench,a82f6b0f89dfc3b500aa4a131459e25019a7b39d5805da3adc200d1e5c16cff8,,,,,,
advbench_0388,advbench_0388_mt_1,AdvBench,cd15c4ca396a7b20ab9cf26bb5abe30d767391d00797a310eb5790835be72510,,,,,,
advbench_0388,advbench_0388_mt_2,AdvBench,cd15c4ca396a7b20ab9cf26bb5abe30d767391d00797a310eb5790835be72510,,,,,,
advbench_0392,advbench_0392_mt_1,AdvBench,ab5c4037f2f3103121b1c284bcac1e4a6cf52ab72ddbd018dba8b0e7f1a8dbd5,,,,,,
advbench_0392,advbench_0392_mt_2,AdvBench,ab5c4037f2f3103121b1c284bcac1e4a6cf52ab72ddbd018dba8b0e7f1a8dbd5,,,,,,
advbench_0402,advbench_0402_mt_1,AdvBench,267428abfd41f858eadc66a28c0c3d21ac6379ce0eba049d9228cab52eaef8b0,,,,,,
advbench_0402,advbench_0402_mt_2,AdvBench,267428abfd41f858eadc66a28c0c3d21ac6379ce0eba049d9228cab52eaef8b0,,,,,,
advbench_0414,advbench_0414_mt_1,AdvBench,872ab4eeb7630cc9b09fa09cde891e2dd70c85f8196ecde0b840abaa6862c806,,,,,,
advbench_0414,advbench_0414_mt_2,AdvBench,872ab4eeb7630cc9b09fa09cde891e2dd70c85f8196ecde0b840abaa6862c806,,,,,,
advbench_0421,advbench_0421_mt_1,AdvBench,cb89fa2955e79c94e90e59f747d00d2fdae05823735cdd79e34d0388a908aba1,,,,,,
advbench_0421,advbench_0421_mt_2,AdvBench,cb89fa2955e79c94e90e59f747d00d2fdae05823735cdd79e34d0388a908aba1,,,,,,
advbench_0434,advbench_0434_mt_1,AdvBench,e8ac3407ffb65f6a3e4a9378adf1e26fbd59cc816780b0edc1d7f30d5b2687d4,,,,,,
advbench_0434,advbench_0434_mt_2,AdvBench,e8ac3407ffb65f6a3e4a9378adf1e26fbd59cc816780b0edc1d7f30d5b2687d4,,,,,,
advbench_0437,advbench_0437_mt_1,AdvBench,19e9c68e0ef2151d8cca1f890fb8f2e1cd20366229995fafc74c9a0c58947478,,,,,,
advbench_0437,advbench_0437_mt_2,AdvBench,19e9c68e0ef2151d8cca1f890fb8f2e1cd20366229995fafc74c9a0c58947478,,,,,,
advbench_0458,advbench_0458_mt_1,AdvBench,80242928a80a83e2e7a3c5bfce325b6b55f9dcef9e96ce07c491cad26e2d3793,,,,,,
advbench_0458,advbench_0458_mt_2,AdvBench,80242928a80a83e2e7a3c5bfce325b6b55f9dcef9e96ce07c491cad26e2d3793,,,,,,
advbench_0469,advbench_0469_mt_1,AdvBench,893a99846f2f59be96543da1103133acba0f4a254cb5cb52727da7b014693ac9,,,,,,
advbench_0469,advbench_0469_mt_2,AdvBench,893a99846f2f59be96543da1103133acba0f4a254cb5cb52727da7b014693ac9,,,,,,
advbench_0485,advbench_0485_mt_1,AdvBench,cf7d3f167332877bfbbcdf08aa308c7e18235e1658d34ccbc4f009155410dfdb,,,,,,
advbench_0485,advbench_0485_mt_2,AdvBench,cf7d3f167332877bfbbcdf08aa308c7e18235e1658d34ccbc4f009155410dfdb,,,,,,
advbench_0486,advbench_0486_mt_1,AdvBench,9a4ae688cf86efa02cb71736fb98b191131eff6480335c69fc146b4fac0e7f54,,,,,,
advbench_0486,advbench_0486_mt_2,AdvBench,9a4ae688cf86efa02cb71736fb98b191131eff6480335c69fc146b4fac0e7f54,,,,,,
advbench_0490,advbench_0490_mt_1,AdvBench,c8404f66399832856cb4cfde9c455c38f50145af8537b665bab88206ed0feafe,,,,,,
advbench_0490,advbench_0490_mt_2,AdvBench,c8404f66399832856cb4cfde9c455c38f50145af8537b665bab88206ed0feafe,,,,,,
advbench_0493,advbench_0493_mt_1,AdvBench,4516e4833ed21589894d8d80a9eaf324d8a95e1abac8680b4117fef31558f5db,,,,,,
advbench_0493,advbench_0493_mt_2,AdvBench,4516e4833ed21589894d8d80a9eaf324d8a95e1abac8680b4117fef31558f5db,,,,,,
advbench_0502,advbench_0502_mt_1,AdvBench,5b7384e51962a8c54b8723b5fd78f8d2076d7907416137816c013d47043c50b6,,,,,,
advbench_0502,advbench_0502_mt_2,AdvBench,5b7384e51962a8c54b8723b5fd78f8d2076d7907416137816c013d47043c50b6,,,,,,
harmbench_0005,harmbench_0005_mt_1,HarmBench,7dfe3bf270f56e8bc3b24b8a25662b31f7142d5ef9245ffd554e667a55536569,,,,,,
harmbench_0005,harmbench_0005_mt_2,HarmBench,7dfe3bf270f56e8bc3b24b8a25662b31f7142d5ef9245ffd554e667a55536569,,,,,,
harmbench_0041,harmbench_0041_mt_1,HarmBench,418a6543e8d44f60cf7691d73603165bc3b57cd9d4ad1ced277c7933b2a4b316,,,,,,
harmbench_0041,harmbench_0041_mt_2,HarmBench,418a6543e8d44f60cf7691d73603165bc3b57cd9d4ad1ced277c7933b2a4b316,,,,,,
harmbench_0042,harmbench_0042_mt_1,HarmBench,08536473c16de53da05aacee32fbae1ab4eb53c90235a4837bb460553fcf8d85,,,,,,
harmbench_0042,harmbench_0042_mt_2,HarmBench,08536473c16de53da05aacee32fbae1ab4eb53c90235a4837bb460553fcf8d85,,,,,,
harmbench_0046,harmbench_0046_mt_1,HarmBench,92a509ce535fa6942a73c160e3a589c3433591ee1fce908a62e43d0756f9249b,,,,,,
harmbench_0046,harmbench_0046_mt_2,HarmBench,92a509ce535fa6942a73c160e3a589c3433591ee1fce908a62e43d0756f9249b,,,,,,
harmbench_0066,harmbench_0066_mt_1,HarmBench,65a886fc864d7abdf4451fa4d591d9fc9b539199100ee901feea86337517a24f,,,,,,
harmbench_0066,harmbench_0066_mt_2,HarmBench,65a886fc864d7abdf4451fa4d591d9fc9b539199100ee901feea86337517a24f,,,,,,
harmbench_0072,harmbench_0072_mt_1,HarmBench,8ec441d8c1a50e82fbc6ec5aa5f16049f24a6376662ad5a2f1c1d290d8098cb6,,,,,,
harmbench_0072,harmbench_0072_mt_2,HarmBench,8ec441d8c1a50e82fbc6ec5aa5f16049f24a6376662ad5a2f1c1d290d8098cb6,,,,,,
harmbench_0091,harmbench_0091_mt_1,HarmBench,2703bb4c4fd9a2ca858d7c6bc063d694befcc5d98b37617774116c6c28a39c1a,,,,,,
harmbench_0091,harmbench_0091_mt_2,HarmBench,2703bb4c4fd9a2ca858d7c6bc063d694befcc5d98b37617774116c6c28a39c1a,,,,,,
harmbench_0100,harmbench_0100_mt_1,HarmBench,c59e3c151c9f4448a361bd2012f117c943a5f4d15652e3da6864a4c7865b35fe,,,,,,
harmbench_0100,harmbench_0100_mt_2,HarmBench,c59e3c151c9f4448a361bd2012f117c943a5f4d15652e3da6864a4c7865b35fe,,,,,,
harmbench_0124,harmbench_0124_mt_1,HarmBench,40df09e79855ce32992f0b38a6dc04d1320630279ee17de74df2a94aa40c0601,,,,,,
harmbench_0124,harmbench_0124_mt_2,HarmBench,40df09e79855ce32992f0b38a6dc04d1320630279ee17de74df2a94aa40c0601,,,,,,
harmbench_0131,harmbench_0131_mt_1,HarmBench,83d32773b53960cececa2e109559a5bfb55b1d648e02219c28971f29fc123874,,,,,,
harmbench_0131,harmbench_0131_mt_2,HarmBench,83d32773b53960cececa2e109559a5bfb55b1d648e02219c28971f29fc123874,,,,,,
harmbench_0159,harmbench_0159_mt_1,HarmBench,88e25d6f8d356441eef5e1a964c45459f836dc64d0dcf06f2870c766ea92d7e4,,,,,,
harmbench_0159,harmbench_0159_mt_2,HarmBench,88e25d6f8d356441eef5e1a964c45459f836dc64d0dcf06f2870c766ea92d7e4,,,,,,
harmbench_0164,harmbench_0164_mt_1,HarmBench,b31e3fc8eaa976145d8f5d7fc5a565a562fe562a16863d82feb16e3ced01ce2f,,,,,,
harmbench_0164,harmbench_0164_mt_2,HarmBench,b31e3fc8eaa976145d8f5d7fc5a565a562fe562a16863d82feb16e3ced01ce2f,,,,,,
harmbench_0166,harmbench_0166_mt_1,HarmBench,013908b3c875c9ddd89e017db9d23c45ed73907d0dea9eb8915bacf4bae07c75,,,,,,
harmbench_0166,harmbench_0166_mt_2,HarmBench,013908b3c875c9ddd89e017db9d23c45ed73907d0dea9eb8915bacf4bae07c75,,,,,,
harmbench_0174,harmbench_0174_mt_1,HarmBench,ba0139b20f15abb89d96e3707b08cb027398a3ac778c7d799e460f3ae4335c84,,,,,,
harmbench_0174,harmbench_0174_mt_2,HarmBench,ba0139b20f15abb89d96e3707b08cb027398a3ac778c7d799e460f3ae4335c84,,,,,,
harmbench_0178,harmbench_0178_mt_1,HarmBench,c098c3c124910dacd5a2c5baaafe100744aac6e7915b659921e62bb9662e7e6e,,,,,,
harmbench_0178,harmbench_0178_mt_2,HarmBench,c098c3c124910dacd5a2c5baaafe100744aac6e7915b659921e62bb9662e7e6e,,,,,,
harmbench_0181,harmbench_0181_mt_1,HarmBench,f222cd4efed567164858185f6e68f8c3c581e708cca96689d8a145d920cad462,,,,,,
harmbench_0181,harmbench_0181_mt_2,HarmBench,f222cd4efed567164858185f6e68f8c3c581e708cca96689d8a145d920cad462,,,,,,
harmbench_0190,harmbench_0190_mt_1,HarmBench,99a0c2e7b93e33e7196b648d6438abbf04c0458df349d8d800f2c03a6309dbe8,,,,,,
harmbench_0190,harmbench_0190_mt_2,HarmBench,99a0c2e7b93e33e7196b648d6438abbf04c0458df349d8d800f2c03a6309dbe8,,,,,,
harmbench_0194,harmbench_0194_mt_1,HarmBench,29d733d62e874431e8ab07a055e9692de0bfccc0f3c4ad83903a847571ed5d76,,,,,,
harmbench_0194,harmbench_0194_mt_2,HarmBench,29d733d62e874431e8ab07a055e9692de0bfccc0f3c4ad83903a847571ed5d76,,,,,,
harmbench_0197,harmbench_0197_mt_1,HarmBench,8db4c4c2f1f55826931c6916b1f3d05ac4a479c2682a96223d190a25a495d758,,,,,,
harmbench_0197,harmbench_0197_mt_2,HarmBench,8db4c4c2f1f55826931c6916b1f3d05ac4a479c2682a96223d190a25a495d758,,,,,,
harmbench_0222,harmbench_0222_mt_1,HarmBench,cc5a0a76e90afedd6f3ff63f336c831088860666ad270c5c6ca116f772ff1877,,,,,,
harmbench_0222,harmbench_0222_mt_2,HarmBench,cc5a0a76e90afedd6f3ff63f336c831088860666ad270c5c6ca116f772ff1877,,,,,,
harmbench_0226,harmbench_0226_mt_1,HarmBench,d1ea982ab63259c9e9a03e1e27005b7280c3ea4498ff8cd4756f1fbf84ce48ba,,,,,,
harmbench_0226,harmbench_0226_mt_2,HarmBench,d1ea982ab63259c9e9a03e1e27005b7280c3ea4498ff8cd4756f1fbf84ce48ba,,,,,,
harmbench_0261,harmbench_0261_mt_1,HarmBench,8098d6fdcd541588c61c19845f216d86ce069a84994a614fc53aa01324db99c0,,,,,,
harmbench_0261,harmbench_0261_mt_2,HarmBench,8098d6fdcd541588c61c19845f216d86ce069a84994a614fc53aa01324db99c0,,,,,,
harmbench_0274,harmbench_0274_mt_1,HarmBench,9b1f58324d84ec97e248b525fdd721432978d74b39c0433c8dcac9d33978e494,,,,,,
harmbench_0274,harmbench_0274_mt_2,HarmBench,9b1f58324d84ec97e248b525fdd721432978d74b39c0433c8dcac9d33978e494,,,,,,
harmbench_0312,harmbench_0312_mt_1,HarmBench,2a6d1721bfb1347ea649fc7338b1b7f35992069ffe46bd90dfa9b210f956042b,,,,,,
harmbench_0312,harmbench_0312_mt_2,HarmBench,2a6d1721bfb1347ea649fc7338b1b7f35992069ffe46bd90dfa9b210f956042b,,,,,,
harmbench_0324,harmbench_0324_mt_1,HarmBench,1b59bc3e560380d30722fd19ecc892e9473662dd53ea857f18739c63dbff0753,,,,,,
harmbench_0324,harmbench_0324_mt_2,HarmBench,1b59bc3e560380d30722fd19ecc892e9473662dd53ea857f18739c63dbff0753,,,,,,
harmbench_0336,harmbench_0336_mt_1,HarmBench,bf8c3947eefe94cd2000f683fed83b0d8655d9363f0f9b23997e2d1e30dc0008,,,,,,
harmbench_0336,harmbench_0336_mt_2,HarmBench,bf8c3947eefe94cd2000f683fed83b0d8655d9363f0f9b23997e2d1e30dc0008,,,,,,
harmbench_0378,harmbench_0378_mt_1,HarmBench,e1fa7ffb04027aba96e125426c8593c4904c9e28b2e308583400fec28efe835b,,,,,,
harmbench_0378,harmbench_0378_mt_2,HarmBench,e1fa7ffb04027aba96e125426c8593c4904c9e28b2e308583400fec28efe835b,,,,,,
harmbench_0394,harmbench_0394_mt_1,HarmBench,2a26ad8c2a4281811150b03f366ead9cd50de11ff44e2883cb89533da8161865,,,,,,
harmbench_0394,harmbench_0394_mt_2,HarmBench,2a26ad8c2a4281811150b03f366ead9cd50de11ff44e2883cb89533da8161865,,,,,,
harmbench_0395,harmbench_0395_mt_1,HarmBench,e512381d097dedb8271b627eb45e0e8eb6fd8c1feefab0f34e92c8824c03a3ac,,,,,,
harmbench_0395,harmbench_0395_mt_2,HarmBench,e512381d097dedb8271b627eb45e0e8eb6fd8c1feefab0f34e92c8824c03a3ac,,,,,,
harmbench_0397,harmbench_0397_mt_1,HarmBench,a958abbe19c787552d7815890a9ff2cdb26e5da480b96813c48e9ca468ecf2be,,,,,,
harmbench_0397,harmbench_0397_mt_2,HarmBench,a958abbe19c787552d7815890a9ff2cdb26e5da480b96813c48e9ca468ecf2be,,,,,,
jailbreakv28k_00236,jailbreakv28k_00236_mt_1,JailbreakV-28K,4a22c7427305ff9187a9bc47cd5c6d7c7906cf505a7da9231ef43ba7fa972c40,,,,,,
jailbreakv28k_00236,jailbreakv28k_00236_mt_2,JailbreakV-28K,4a22c7427305ff9187a9bc47cd5c6d7c7906cf505a7da9231ef43ba7fa972c40,,,,,,
jailbreakv28k_00256,jailbreakv28k_00256_mt_1,JailbreakV-28K,06c3741a0abc78c1d4e38e69c8d5868022269b9ff2cc9119735c274c32d5d1b3,,,,,,
jailbreakv28k_00256,jailbreakv28k_00256_mt_2,JailbreakV-28K,06c3741a0abc78c1d4e38e69c8d5868022269b9ff2cc9119735c274c32d5d1b3,,,,,,
jailbreakv28k_00418,jailbreakv28k_00418_mt_1,JailbreakV-28K,f0a9cb5120a2aff3e11a51620179c08fb2ec093d28eb8714f36709290373a6ba,,,,,,
jailbreakv28k_00418,jailbreakv28k_00418_mt_2,JailbreakV-28K,f0a9cb5120a2aff3e11a51620179c08fb2ec093d28eb8714f36709290373a6ba,,,,,,
jailbreakv28k_00505,jailbreakv28k_00505_mt_1,JailbreakV-28K,fd13264d7668cc90597601025864dcaed20151081d550527598c444f60986bda,,,,,,
jailbreakv28k_00505,jailbreakv28k_00505_mt_2,JailbreakV-28K,fd13264d7668cc90597601025864dcaed20151081d550527598c444f60986bda,,,,,,
jailbreakv28k_00565,jailbreakv28k_00565_mt_1,JailbreakV-28K,adfe3f9e5efe7f5abff495c95d132a9729e6b01aa7e49bd1c8eb6715d740209e,,,,,,
jailbreakv28k_00565,jailbreakv28k_00565_mt_2,JailbreakV-28K,adfe3f9e5efe7f5abff495c95d132a9729e6b01aa7e49bd1c8eb6715d740209e,,,,,,
jailbreakv28k_00660,jailbreakv28k_00660_mt_1,JailbreakV-28K,be19fcd8870b6d20143f6c909bf288e3126b6b409168cc1e49ce734419970c4e,,,,,,
jailbreakv28k_00660,jailbreakv28k_00660_mt_2,JailbreakV-28K,be19fcd8870b6d20143f6c909bf288e3126b6b409168cc1e49ce734419970c4e,,,,,,
jailbreakv28k_00953,jailbreakv28k_00953_mt_1,JailbreakV-28K,c5d46cadec12ee768757e7c99fefad90e2e6d0b86d9c69c345796b52d6376961,,,,,,
jailbreakv28k_00953,jailbreakv28k_00953_mt_2,JailbreakV-28K,c5d46cadec12ee768757e7c99fefad90e2e6d0b86d9c69c345796b52d6376961,,,,,,
jailbreakv28k_01035,jailbreakv28k_01035_mt_1,JailbreakV-28K,d4f3119612a136b02f852fe5eac95a68022baab2be0358d76dfcfbd080fb1491,,,,,,
jailbreakv28k_01035,jailbreakv28k_01035_mt_2,JailbreakV-28K,d4f3119612a136b02f852fe5eac95a68022baab2be0358d76dfcfbd080fb1491,,,,,,
jailbreakv28k_01489,jailbreakv28k_01489_mt_1,JailbreakV-28K,30ba4c8024ed771df8643623db126ff61734589461b49a4fac2037088e4a3e32,,,,,,
jailbreakv28k_01489,jailbreakv28k_01489_mt_2,JailbreakV-28K,30ba4c8024ed771df8643623db126ff61734589461b49a4fac2037088e4a3e32,,,,,,
jailbreakv28k_01660,jailbreakv28k_01660_mt_1,JailbreakV-28K,fae8ed44d7aba806adc9218a7edc486e1c75a36075fc85844ee760c54141e94c,,,,,,
jailbreakv28k_01660,jailbreakv28k_01660_mt_2,JailbreakV-28K,fae8ed44d7aba806adc9218a7edc486e1c75a36075fc85844ee760c54141e94c,,,,,,
jailbreakv28k_01826,jailbreakv28k_01826_mt_1,JailbreakV-28K,b6db6c4b676840312889ffff923800f5f743e3b3c31f3406dfec598dcf4a9e6f,,,,,,
jailbreakv28k_01826,jailbreakv28k_01826_mt_2,JailbreakV-28K,b6db6c4b676840312889ffff923800f5f743e3b3c31f3406dfec598dcf4a9e6f,,,,,,
jailbreakv28k_01892,jailbreakv28k_01892_mt_1,JailbreakV-28K,97f78545ad0947c010a1c692c0c1871e04bb617995f4275c26be0cc36cde955e,,,,,,
jailbreakv28k_01892,jailbreakv28k_01892_mt_2,JailbreakV-28K,97f78545ad0947c010a1c692c0c1871e04bb617995f4275c26be0cc36cde955e,,,,,,
jailbreakv28k_02167,jailbreakv28k_02167_mt_1,JailbreakV-28K,65697a609773ce899e6e249bf43d9e85e01702598a71072c48305c59b72fff8a,,,,,,
jailbreakv28k_02167,jailbreakv28k_02167_mt_2,JailbreakV-28K,65697a609773ce899e6e249bf43d9e85e01702598a71072c48305c59b72fff8a,,,,,,
jailbreakv28k_02312,jailbreakv28k_02312_mt_1,JailbreakV-28K,03705803c38867d5836321a2fb0830882039ed6ab80a2ad34e8c87092284faa6,,,,,,
jailbreakv28k_02312,jailbreakv28k_02312_mt_2,JailbreakV-28K,03705803c38867d5836321a2fb0830882039ed6ab80a2ad34e8c87092284faa6,,,,,,
jailbreakv28k_02367,jailbreakv28k_02367_mt_1,JailbreakV-28K,cac92646079d5095bdbf30ee8cd21736cd814351a9abf5daad9b4f00fe0b5055,,,,,,
jailbreakv28k_02367,jailbreakv28k_02367_mt_2,JailbreakV-28K,cac92646079d5095bdbf30ee8cd21736cd814351a9abf5daad9b4f00fe0b5055,,,,,,
jailbreakv28k_02370,jailbreakv28k_02370_mt_1,JailbreakV-28K,a19d9864a664c06bc9772d76b30ecd95637dfa1134f3cc5b4fa1913e9617b30b,,,,,,
jailbreakv28k_02370,jailbreakv28k_02370_mt_2,JailbreakV-28K,a19d9864a664c06bc9772d76b30ecd95637dfa1134f3cc5b4fa1913e9617b30b,,,,,,
jailbreakv28k_02539,jailbreakv28k_02539_mt_1,JailbreakV-28K,1765718ae66fff772ef01f6f45c87b12f3f61e167fc9d40946b4b5c5db81293e,,,,,,
jailbreakv28k_02539,jailbreakv28k_02539_mt_2,JailbreakV-28K,1765718ae66fff772ef01f6f45c87b12f3f61e167fc9d40946b4b5c5db81293e,,,,,,
jailbreakv28k_02705,jailbreakv28k_02705_mt_1,JailbreakV-28K,92a4de854679f41cbc7ef5f4e622bdad90fac75665128c3bb11ab25ab4817570,,,,,,
jailbreakv28k_02705,jailbreakv28k_02705_mt_2,JailbreakV-28K,92a4de854679f41cbc7ef5f4e622bdad90fac75665128c3bb11ab25ab4817570,,,,,,
jailbreakv28k_02844,jailbreakv28k_02844_mt_1,JailbreakV-28K,84767ed2be54c6680f205341eb85cf5378ef9245e288ee86f4960fb416755a36,,,,,,
jailbreakv28k_02844,jailbreakv28k_02844_mt_2,JailbreakV-28K,84767ed2be54c6680f205341eb85cf5378ef9245e288ee86f4960fb416755a36,,,,,,
jailbreakv28k_02848,jailbreakv28k_02848_mt_1,JailbreakV-28K,476b8820ede26bcbf758e8918a37461a1965ca69b13c63e9211babca87a07e72,,,,,,
jailbreakv28k_02848,jailbreakv28k_02848_mt_2,JailbreakV-28K,476b8820ede26bcbf758e8918a37461a1965ca69b13c63e9211babca87a07e72,,,,,,
jailbreakv28k_02916,jailbreakv28k_02916_mt_1,JailbreakV-28K,8aa36d5c95fd05b1049c8cb51de69ee6f2bfd0b88ef143cba1f9d26e6e044847,,,,,,
jailbreakv28k_02916,jailbreakv28k_02916_mt_2,JailbreakV-28K,8aa36d5c95fd05b1049c8cb51de69ee6f2bfd0b88ef143cba1f9d26e6e044847,,,,,,
jailbreakv28k_02954,jailbreakv28k_02954_mt_1,JailbreakV-28K,0c15f4e0f077f812b2175ebb5ad83c04b362a83d1e3f22519f1d83480bec30cf,,,,,,
jailbreakv28k_02954,jailbreakv28k_02954_mt_2,JailbreakV-28K,0c15f4e0f077f812b2175ebb5ad83c04b362a83d1e3f22519f1d83480bec30cf,,,,,,
jailbreakv28k_03065,jailbreakv28k_03065_mt_1,JailbreakV-28K,018affa47d7a1e87523b384e9f52a389c9dc3dcd8d18d52147b77ed283fb3e4a,,,,,,
jailbreakv28k_03065,jailbreakv28k_03065_mt_2,JailbreakV-28K,018affa47d7a1e87523b384e9f52a389c9dc3dcd8d18d52147b77ed283fb3e4a,,,,,,
jailbreakv28k_03250,jailbreakv28k_03250_mt_1,JailbreakV-28K,fa860072ffb3120f06d1f13b96614aa2cbeab87f3f1d1da85a1990c31594ec60,,,,,,
jailbreakv28k_03250,jailbreakv28k_03250_mt_2,JailbreakV-28K,fa860072ffb3120f06d1f13b96614aa2cbeab87f3f1d1da85a1990c31594ec60,,,,,,
jailbreakv28k_03257,jailbreakv28k_03257_mt_1,JailbreakV-28K,a1418ba9d1a89995d76ff4b9e70ba90a1b91dc07fdcd690fee9188f8eb0843f9,,,,,,
jailbreakv28k_03257,jailbreakv28k_03257_mt_2,JailbreakV-28K,a1418ba9d1a89995d76ff4b9e70ba90a1b91dc07fdcd690fee9188f8eb0843f9,,,,,,
jailbreakv28k_03384,jailbreakv28k_03384_mt_1,JailbreakV-28K,03329abfa7a5942fc26aec90f445affb202a46092eb229354499e2af8436bbdb,,,,,,
jailbreakv28k_03384,jailbreakv28k_03384_mt_2,JailbreakV-28K,03329abfa7a5942fc26aec90f445affb202a46092eb229354499e2af8436bbdb,,,,,,
jailbreakv28k_03426,jailbreakv28k_03426_mt_1,JailbreakV-28K,837d44a616bba14e9b7fe7d2d83851bcdb33a8938eac73c99353881d1fe7419f,,,,,,
jailbreakv28k_03426,jailbreakv28k_03426_mt_2,JailbreakV-28K,837d44a616bba14e9b7fe7d2d83851bcdb33a8938eac73c99353881d1fe7419f,,,,,,
jailbreakv28k_03645,jailbreakv28k_03645_mt_1,JailbreakV-28K,320ab33fef40c53c2e77d33bf0dfaaa07c6ab9bb4a4eb594a9dea420177a674c,,,,,,
jailbreakv28k_03645,jailbreakv28k_03645_mt_2,JailbreakV-28K,320ab33fef40c53c2e77d33bf0dfaaa07c6ab9bb4a4eb594a9dea420177a674c,,,,,,
jailbreakv28k_04010,jailbreakv28k_04010_mt_1,JailbreakV-28K,e31f86b110b90dedb2d4db4125d0196971b146afadf9d8260d33a94726d3332c,,,,,,
jailbreakv28k_04010,jailbreakv28k_04010_mt_2,JailbreakV-28K,e31f86b110b90dedb2d4db4125d0196971b146afadf9d8260d33a94726d3332c,,,,,,
jailbreakv28k_04042,jailbreakv28k_04042_mt_1,JailbreakV-28K,c7a0b903d3151b24d83ce388556abf340488a126b74e88d8a3c0fe9e69391476,,,,,,
jailbreakv28k_04042,jailbreakv28k_04042_mt_2,JailbreakV-28K,c7a0b903d3151b24d83ce388556abf340488a126b74e88d8a3c0fe9e69391476,,,,,,
jailbreakv28k_04529,jailbreakv28k_04529_mt_1,JailbreakV-28K,7e52e987dac4502016044fd1132669693a3d9e7735a7edb103ac76b2aaa0d2a0,,,,,,
jailbreakv28k_04529,jailbreakv28k_04529_mt_2,JailbreakV-28K,7e52e987dac4502016044fd1132669693a3d9e7735a7edb103ac76b2aaa0d2a0,,,,,,
jailbreakv28k_04580,jailbreakv28k_04580_mt_1,JailbreakV-28K,9e0a3bd83b5f584012eb0bdf0c49c330152255b96d4373775075623089e80bcf,,,,,,
jailbreakv28k_04580,jailbreakv28k_04580_mt_2,JailbreakV-28K,9e0a3bd83b5f584012eb0bdf0c49c330152255b96d4373775075623089e80bcf,,,,,,
jailbreakv28k_04596,jailbreakv28k_04596_mt_1,JailbreakV-28K,6ab93a077a766b722fe3f8a734482f32f8f506fcc9650ec44a856f9ac5ec5a9b,,,,,,
jailbreakv28k_04596,jailbreakv28k_04596_mt_2,JailbreakV-28K,6ab93a077a766b722fe3f8a734482f32f8f506fcc9650ec44a856f9ac5ec5a9b,,,,,,
jailbreakv28k_04614,jailbreakv28k_04614_mt_1,JailbreakV-28K,160d3ecae2a23654fac18fa8ab488cec5b474a93e5dcdc0503dbb5efd1869900,,,,,,
jailbreakv28k_04614,jailbreakv28k_04614_mt_2,JailbreakV-28K,160d3ecae2a23654fac18fa8ab488cec5b474a93e5dcdc0503dbb5efd1869900,,,,,,
jailbreakv28k_04738,jailbreakv28k_04738_mt_1,JailbreakV-28K,f51526efbd07f926d499a07f6487346694af1c62ab92d2cfefdb786cd106e6b7,,,,,,
jailbreakv28k_04738,jailbreakv28k_04738_mt_2,JailbreakV-28K,f51526efbd07f926d499a07f6487346694af1c62ab92d2cfefdb786cd106e6b7,,,,,,
jailbreakv28k_04910,jailbreakv28k_04910_mt_1,JailbreakV-28K,5744b01543b585c4d32a2808485a98a492894e1177b0f05f009e3bb3189757fb,,,,,,
jailbreakv28k_04910,jailbreakv28k_04910_mt_2,JailbreakV-28K,5744b01543b585c4d32a2808485a98a492894e1177b0f05f009e3bb3189757fb,,,,,,
jailbreakv28k_05284,jailbreakv28k_05284_mt_1,JailbreakV-28K,55ba8f7d32488a4e56cad79193dc4816f7a5fed1f5dd00d6d2503cca912f9a3a,,,,,,
jailbreakv28k_05284,jailbreakv28k_05284_mt_2,JailbreakV-28K,55ba8f7d32488a4e56cad79193dc4816f7a5fed1f5dd00d6d2503cca912f9a3a,,,,,,
jailbreakv28k_05353,jailbreakv28k_05353_mt_1,JailbreakV-28K,0b963f2303f69d5b1c4e9931003394f908b2afdf37eb9a251729ac04a1bf74b0,,,,,,
jailbreakv28k_05353,jailbreakv28k_05353_mt_2,JailbreakV-28K,0b963f2303f69d5b1c4e9931003394f908b2afdf37eb9a251729ac04a1bf74b0,,,,,,
jailbreakv28k_05635,jailbreakv28k_05635_mt_1,JailbreakV-28K,33f1e042138f8e85c9ed102e8ac00b34cb1756228ad123c5a79adb4dcea28104,,,,,,
jailbreakv28k_05635,jailbreakv28k_05635_mt_2,JailbreakV-28K,33f1e042138f8e85c9ed102e8ac00b34cb1756228ad123c5a79adb4dcea28104,,,,,,
jailbreakv28k_05756,jailbreakv28k_05756_mt_1,JailbreakV-28K,b23370caec1752f62726e12f6125b6fc0827d61e69f47e692da3af78d1b6323d,,,,,,
jailbreakv28k_05756,jailbreakv28k_05756_mt_2,JailbreakV-28K,b23370caec1752f62726e12f6125b6fc0827d61e69f47e692da3af78d1b6323d,,,,,,
jailbreakv28k_06139,jailbreakv28k_06139_mt_1,JailbreakV-28K,353f5153e7d39213f791ad62da0b2c67febc4871e2fedcc3d035891b6f3ebc9f,,,,,,
jailbreakv28k_06139,jailbreakv28k_06139_mt_2,JailbreakV-28K,353f5153e7d39213f791ad62da0b2c67febc4871e2fedcc3d035891b6f3ebc9f,,,,,,
jailbreakv28k_06823,jailbreakv28k_06823_mt_1,JailbreakV-28K,9ff7b4484787a0bbc39184993eea58ddc4fd32f822cade1b4f63eeafff1e2f79,,,,,,
jailbreakv28k_06823,jailbreakv28k_06823_mt_2,JailbreakV-28K,9ff7b4484787a0bbc39184993eea58ddc4fd32f822cade1b4f63eeafff1e2f79,,,,,,
jailbreakv28k_07032,jailbreakv28k_07032_mt_1,JailbreakV-28K,8329612c0a71a097ef2dc82731f6d1658527a90b3fb2729175fb03128fa5a35f,,,,,,
jailbreakv28k_07032,jailbreakv28k_07032_mt_2,JailbreakV-28K,8329612c0a71a097ef2dc82731f6d1658527a90b3fb2729175fb03128fa5a35f,,,,,,
jailbreakv28k_07045,jailbreakv28k_07045_mt_1,JailbreakV-28K,7a1fc60626edcb50bb027f5a5a1978f920b95bfa4c73f09fd4e646bad7192c17,,,,,,
jailbreakv28k_07045,jailbreakv28k_07045_mt_2,JailbreakV-28K,7a1fc60626edcb50bb027f5a5a1978f920b95bfa4c73f09fd4e646bad7192c17,,,,,,
jailbreakv28k_07097,jailbreakv28k_07097_mt_1,JailbreakV-28K,94ed0301669e5e9e86d60ed7f0e65584fd37efe781415f1cf87863f1a5f74f3f,,,,,,
jailbreakv28k_07097,jailbreakv28k_07097_mt_2,JailbreakV-28K,94ed0301669e5e9e86d60ed7f0e65584fd37efe781415f1cf87863f1a5f74f3f,,,,,,
jailbreakv28k_07253,jailbreakv28k_07253_mt_1,JailbreakV-28K,73b9eb136262542fd66fa4e4058d2811c2e9c1462796f9c0b60cb3fd39568958,,,,,,
jailbreakv28k_07253,jailbreakv28k_07253_mt_2,JailbreakV-28K,73b9eb136262542fd66fa4e4058d2811c2e9c1462796f9c0b60cb3fd39568958,,,,,,
jailbreakv28k_07433,jailbreakv28k_07433_mt_1,JailbreakV-28K,30157857a8305a09249349e82c86303da1873eea1f2ebaa8eb8d5f9ef82952e6,,,,,,
jailbreakv28k_07433,jailbreakv28k_07433_mt_2,JailbreakV-28K,30157857a8305a09249349e82c86303da1873eea1f2ebaa8eb8d5f9ef82952e6,,,,,,
jailbreakv28k_07447,jailbreakv28k_07447_mt_1,JailbreakV-28K,c7eed8bc8e52a160689c13f9b72ceddf36a60fb9e743767b21f5fa5fdcb2752a,,,,,,
jailbreakv28k_07447,jailbreakv28k_07447_mt_2,JailbreakV-28K,c7eed8bc8e52a160689c13f9b72ceddf36a60fb9e743767b21f5fa5fdcb2752a,,,,,,
jailbreakv28k_07551,jailbreakv28k_07551_mt_1,JailbreakV-28K,a6bd46c6ebef4a27e8cc6b2c8dabe901c23a9e166e21432c0240a8dee63d346f,,,,,,
jailbreakv28k_07551,jailbreakv28k_07551_mt_2,JailbreakV-28K,a6bd46c6ebef4a27e8cc6b2c8dabe901c23a9e166e21432c0240a8dee63d346f,,,,,,
jailbreakv28k_08075,jailbreakv28k_08075_mt_1,JailbreakV-28K,2e47be6af70c13dc0356f966e3715581ace31e838f65ff834d7429692d88e684,,,,,,
jailbreakv28k_08075,jailbreakv28k_08075_mt_2,JailbreakV-28K,2e47be6af70c13dc0356f966e3715581ace31e838f65ff834d7429692d88e684,,,,,,
jailbreakv28k_08107,jailbreakv28k_08107_mt_1,JailbreakV-28K,63aa139f1f0a8132e743e1ccf2c30916b25e87815814f30e24a94166fe1ae753,,,,,,
jailbreakv28k_08107,jailbreakv28k_08107_mt_2,JailbreakV-28K,63aa139f1f0a8132e743e1ccf2c30916b25e87815814f30e24a94166fe1ae753,,,,,,
jailbreakv28k_08212,jailbreakv28k_08212_mt_1,JailbreakV-28K,c2f7d99304a3afdf4f031ab4ab295c53948b876d0b7afb13148e5e3b27cd4692,,,,,,
jailbreakv28k_08212,jailbreakv28k_08212_mt_2,JailbreakV-28K,c2f7d99304a3afdf4f031ab4ab295c53948b876d0b7afb13148e5e3b27cd4692,,,,,,
jailbreakv28k_08466,jailbreakv28k_08466_mt_1,JailbreakV-28K,1f42cc6db6ae8940da489601ac4ccc2f1cd47baf86c8007d1a88a8f0bc16c1b7,,,,,,
jailbreakv28k_08466,jailbreakv28k_08466_mt_2,JailbreakV-28K,1f42cc6db6ae8940da489601ac4ccc2f1cd47baf86c8007d1a88a8f0bc16c1b7,,,,,,
jailbreakv28k_08607,jailbreakv28k_08607_mt_1,JailbreakV-28K,3abc82bc34036e0cddd2c92c7b28e4c635ac6eef42eb449bfbb3637080c13cab,,,,,,
jailbreakv28k_08607,jailbreakv28k_08607_mt_2,JailbreakV-28K,3abc82bc34036e0cddd2c92c7b28e4c635ac6eef42eb449bfbb3637080c13cab,,,,,,
jailbreakv28k_08782,jailbreakv28k_08782_mt_1,JailbreakV-28K,8f2c234a9ba70bfa636db37dc45e6d0c8a6f89be39fde13bc2c7dbe08b65a6bf,,,,,,
jailbreakv28k_08782,jailbreakv28k_08782_mt_2,JailbreakV-28K,8f2c234a9ba70bfa636db37dc45e6d0c8a6f89be39fde13bc2c7dbe08b65a6bf,,,,,,
jailbreakv28k_08935,jailbreakv28k_08935_mt_1,JailbreakV-28K,f9adc5cb5f0104495b8ff28f2dd30e235dd17a7d69a6484c5d0fbed18b317ccd,,,,,,
jailbreakv28k_08935,jailbreakv28k_08935_mt_2,JailbreakV-28K,f9adc5cb5f0104495b8ff28f2dd30e235dd17a7d69a6484c5d0fbed18b317ccd,,,,,,
jailbreakv28k_08937,jailbreakv28k_08937_mt_1,JailbreakV-28K,cc9ca97c23c5521cda836b96fe7a7549672016ba868f34332f17f0a2323febc6,,,,,,
jailbreakv28k_08937,jailbreakv28k_08937_mt_2,JailbreakV-28K,cc9ca97c23c5521cda836b96fe7a7549672016ba868f34332f17f0a2323febc6,,,,,,
jailbreakv28k_09215,jailbreakv28k_09215_mt_1,JailbreakV-28K,eb4d1363b5750564b4b42241bbc5b165746d11bc1c26b4568f921f2f0483121a,,,,,,
jailbreakv28k_09215,jailbreakv28k_09215_mt_2,JailbreakV-28K,eb4d1363b5750564b4b42241bbc5b165746d11bc1c26b4568f921f2f0483121a,,,,,,
jailbreakv28k_09370,jailbreakv28k_09370_mt_1,JailbreakV-28K,2260aa37784e69e98867699cad350d0c3fbfd13e4dcbebdec29d3a218d13aa1f,,,,,,
jailbreakv28k_09370,jailbreakv28k_09370_mt_2,JailbreakV-28K,2260aa37784e69e98867699cad350d0c3fbfd13e4dcbebdec29d3a218d13aa1f,,,,,,
jailbreakv28k_09660,jailbreakv28k_09660_mt_1,JailbreakV-28K,651692f8dc5e5d8fa015635d98120746059cafd498306ad4e11a20e60c8ea5a0,,,,,,
jailbreakv28k_09660,jailbreakv28k_09660_mt_2,JailbreakV-28K,651692f8dc5e5d8fa015635d98120746059cafd498306ad4e11a20e60c8ea5a0,,,,,,
jailbreakv28k_09681,jailbreakv28k_09681_mt_1,JailbreakV-28K,4a977688c54680da32f143537a44b847bde89e701e41671851e8ccefc1f9d7c9,,,,,,
jailbreakv28k_09681,jailbreakv28k_09681_mt_2,JailbreakV-28K,4a977688c54680da32f143537a44b847bde89e701e41671851e8ccefc1f9d7c9,,,,,,
jailbreakv28k_09934,jailbreakv28k_09934_mt_1,JailbreakV-28K,13cc4d6f43a5d9de5793e39f9018f52dcb9de297bab1287ae93ebfdff7493c31,,,,,,
jailbreakv28k_09934,jailbreakv28k_09934_mt_2,JailbreakV-28K,13cc4d6f43a5d9de5793e39f9018f52dcb9de297bab1287ae93ebfdff7493c31,,,,,,
jailbreakv28k_09991,jailbreakv28k_09991_mt_1,JailbreakV-28K,dc008475ebecddbb299d37f7b9760b6a453b06a0a0f4b79e7e391844b0bb87bf,,,,,,
jailbreakv28k_09991,jailbreakv28k_09991_mt_2,JailbreakV-28K,dc008475ebecddbb299d37f7b9760b6a453b06a0a0f4b79e7e391844b0bb87bf,,,,,,
jailbreakv28k_10367,jailbreakv28k_10367_mt_1,JailbreakV-28K,7b2cf569c27f867b576e8078cdf7c59927d4048d07b34b14e6592b3ca325eee0,,,,,,
jailbreakv28k_10367,jailbreakv28k_10367_mt_2,JailbreakV-28K,7b2cf569c27f867b576e8078cdf7c59927d4048d07b34b14e6592b3ca325eee0,,,,,,
jailbreakv28k_10631,jailbreakv28k_10631_mt_1,JailbreakV-28K,b93f920e05d905af65add76f8dae542b4fa6b24c686821f92d7e7853cdadc3ba,,,,,,
jailbreakv28k_10631,jailbreakv28k_10631_mt_2,JailbreakV-28K,b93f920e05d905af65add76f8dae542b4fa6b24c686821f92d7e7853cdadc3ba,,,,,,
jailbreakv28k_10878,jailbreakv28k_10878_mt_1,JailbreakV-28K,375b52170e24441c9ab56f40ab224bd109565e173041e1736b426583db8d80f1,,,,,,
jailbreakv28k_10878,jailbreakv28k_10878_mt_2,JailbreakV-28K,375b52170e24441c9ab56f40ab224bd109565e173041e1736b426583db8d80f1,,,,,,
jailbreakv28k_11238,jailbreakv28k_11238_mt_1,JailbreakV-28K,27970f93a48a0efdbb9f961ce48863f9bea73573f79f58330c7529241c543867,,,,,,
jailbreakv28k_11238,jailbreakv28k_11238_mt_2,JailbreakV-28K,27970f93a48a0efdbb9f961ce48863f9bea73573f79f58330c7529241c543867,,,,,,
jailbreakv28k_11673,jailbreakv28k_11673_mt_1,JailbreakV-28K,11e460f70c3dfd32c04711f5087ccd2879827513ef623af6769b76e966ce13a6,,,,,,
jailbreakv28k_11673,jailbreakv28k_11673_mt_2,JailbreakV-28K,11e460f70c3dfd32c04711f5087ccd2879827513ef623af6769b76e966ce13a6,,,,,,
jailbreakv28k_11716,jailbreakv28k_11716_mt_1,JailbreakV-28K,ea6a5e7ab51456ede07116ec6ee2f74f355a46fcb20442c2d4aeb0e39400a792,,,,,,
jailbreakv28k_11716,jailbreakv28k_11716_mt_2,JailbreakV-28K,ea6a5e7ab51456ede07116ec6ee2f74f355a46fcb20442c2d4aeb0e39400a792,,,,,,
jailbreakv28k_12017,jailbreakv28k_12017_mt_1,JailbreakV-28K,440aab5bb628cdad5f3720aeb08c4b68e8e3355f002b6981c4cad99af8653afd,,,,,,
jailbreakv28k_12017,jailbreakv28k_12017_mt_2,JailbreakV-28K,440aab5bb628cdad5f3720aeb08c4b68e8e3355f002b6981c4cad99af8653afd,,,,,,
jailbreakv28k_12165,jailbreakv28k_12165_mt_1,JailbreakV-28K,4e437a5978389744bd5b98b66c64530e1eeb807c9e0bc509cb6188541f7a481b,,,,,,
jailbreakv28k_12165,jailbreakv28k_12165_mt_2,JailbreakV-28K,4e437a5978389744bd5b98b66c64530e1eeb807c9e0bc509cb6188541f7a481b,,,,,,
jailbreakv28k_12248,jailbreakv28k_12248_mt_1,JailbreakV-28K,0dbf903f6e5a7210340b86178a96cc609e5db6db5fdef0c1c821f76b6deae1af,,,,,,
jailbreakv28k_12248,jailbreakv28k_12248_mt_2,JailbreakV-28K,0dbf903f6e5a7210340b86178a96cc609e5db6db5fdef0c1c821f76b6deae1af,,,,,,
jailbreakv28k_12851,jailbreakv28k_12851_mt_1,JailbreakV-28K,bb6c2ae750311f2186e46e36a3a072d66c1b61a1ea84503faafa08809b698430,,,,,,
jailbreakv28k_12851,jailbreakv28k_12851_mt_2,JailbreakV-28K,bb6c2ae750311f2186e46e36a3a072d66c1b61a1ea84503faafa08809b698430,,,,,,
jailbreakv28k_12984,jailbreakv28k_12984_mt_1,JailbreakV-28K,97d5fbfa85951d1c77df0b656219b26eaed4034806b718fc960a91533f727531,,,,,,
jailbreakv28k_12984,jailbreakv28k_12984_mt_2,JailbreakV-28K,97d5fbfa85951d1c77df0b656219b26eaed4034806b718fc960a91533f727531,,,,,,
jailbreakv28k_13394,jailbreakv28k_13394_mt_1,JailbreakV-28K,ae63569f1da0558f74f6dec01ec9034b23725f65d9768a3767f85a772afe6fe7,,,,,,
jailbreakv28k_13394,jailbreakv28k_13394_mt_2,JailbreakV-28K,ae63569f1da0558f74f6dec01ec9034b23725f65d9768a3767f85a772afe6fe7,,,,,,
jailbreakv28k_13559,jailbreakv28k_13559_mt_1,JailbreakV-28K,d9d66d7be0f9d2a5967a63f750c788845e7cd2947c83f4d0eb7cef25bc176192,,,,,,
jailbreakv28k_13559,jailbreakv28k_13559_mt_2,JailbreakV-28K,d9d66d7be0f9d2a5967a63f750c788845e7cd2947c83f4d0eb7cef25bc176192,,,,,,
jailbreakv28k_13574,jailbreakv28k_13574_mt_1,JailbreakV-28K,b4b48861a4ca984a07ee5ee24119fd6cdafc8be1cd7b57421b0629194c7f5d63,,,,,,
jailbreakv28k_13574,jailbreakv28k_13574_mt_2,JailbreakV-28K,b4b48861a4ca984a07ee5ee24119fd6cdafc8be1cd7b57421b0629194c7f5d63,,,,,,
jailbreakv28k_13666,jailbreakv28k_13666_mt_1,JailbreakV-28K,cabf8377dabc4d4a009a47eb109431ac3b03e4c30e80bc7fc0c43e5134b84377,,,,,,
jailbreakv28k_13666,jailbreakv28k_13666_mt_2,JailbreakV-28K,cabf8377dabc4d4a009a47eb109431ac3b03e4c30e80bc7fc0c43e5134b84377,,,,,,
jailbreakv28k_13828,jailbreakv28k_13828_mt_1,JailbreakV-28K,73f9600bcd7ff2471b14db0971c961df83fc82549a3285daccaac03b9da22ea2,,,,,,
jailbreakv28k_13828,jailbreakv28k_13828_mt_2,JailbreakV-28K,73f9600bcd7ff2471b14db0971c961df83fc82549a3285daccaac03b9da22ea2,,,,,,
jailbreakv28k_13845,jailbreakv28k_13845_mt_1,JailbreakV-28K,7eca63cf840e41f4ebce2cf12c8063c2e5969ffde41eff678a81e7dd85de1cab,,,,,,
jailbreakv28k_13845,jailbreakv28k_13845_mt_2,JailbreakV-28K,7eca63cf840e41f4ebce2cf12c8063c2e5969ffde41eff678a81e7dd85de1cab,,,,,,
jailbreakv28k_13846,jailbreakv28k_13846_mt_1,JailbreakV-28K,df29a8517d4f33206b702cbc1f3f81f1bd96f1c778cf48dc095edda4e90bcfb8,,,,,,
jailbreakv28k_13846,jailbreakv28k_13846_mt_2,JailbreakV-28K,df29a8517d4f33206b702cbc1f3f81f1bd96f1c778cf48dc095edda4e90bcfb8,,,,,,
jailbreakv28k_13874,jailbreakv28k_13874_mt_1,JailbreakV-28K,14efda41f58e6e8fca5b0bb565d15877d5a8b95e27a3f0ef0603fbc2eabbf38d,,,,,,
jailbreakv28k_13874,jailbreakv28k_13874_mt_2,JailbreakV-28K,14efda41f58e6e8fca5b0bb565d15877d5a8b95e27a3f0ef0603fbc2eabbf38d,,,,,,
jailbreakv28k_13954,jailbreakv28k_13954_mt_1,JailbreakV-28K,e6ff091f20612acb3112bf1ad21eb5a73daa630f4f7d814bb32e55da78300a3e,,,,,,
jailbreakv28k_13954,jailbreakv28k_13954_mt_2,JailbreakV-28K,e6ff091f20612acb3112bf1ad21eb5a73daa630f4f7d814bb32e55da78300a3e,,,,,,
jailbreakv28k_13973,jailbreakv28k_13973_mt_1,JailbreakV-28K,a5482152ee210d858c5785127905ab2f9c82dab09d6cdf9cd00173e7edd0fbca,,,,,,
jailbreakv28k_13973,jailbreakv28k_13973_mt_2,JailbreakV-28K,a5482152ee210d858c5785127905ab2f9c82dab09d6cdf9cd00173e7edd0fbca,,,,,,
jailbreakv28k_14028,jailbreakv28k_14028_mt_1,JailbreakV-28K,d53f7ae1802b72f9a15143b149454b6a09245d9a3730ace6bcce26ecd1ad98fd,,,,,,
jailbreakv28k_14028,jailbreakv28k_14028_mt_2,JailbreakV-28K,d53f7ae1802b72f9a15143b149454b6a09245d9a3730ace6bcce26ecd1ad98fd,,,,,,
jailbreakv28k_14328,jailbreakv28k_14328_mt_1,JailbreakV-28K,f22169212d147dc4de77e61964c90cc0115fc06585ab2489a955c283182acd7d,,,,,,
jailbreakv28k_14328,jailbreakv28k_14328_mt_2,JailbreakV-28K,f22169212d147dc4de77e61964c90cc0115fc06585ab2489a955c283182acd7d,,,,,,
jailbreakv28k_14442,jailbreakv28k_14442_mt_1,JailbreakV-28K,725eca4ee5538b9e499637f129ec73f4c2b9a28c5b6960618f255bb41716f636,,,,,,
jailbreakv28k_14442,jailbreakv28k_14442_mt_2,JailbreakV-28K,725eca4ee5538b9e499637f129ec73f4c2b9a28c5b6960618f255bb41716f636,,,,,,
jailbreakv28k_14702,jailbreakv28k_14702_mt_1,JailbreakV-28K,aade480fa445533ab1326acad3a0149a2ce6f5ab8432a3115afa9dee8811e8db,,,,,,
jailbreakv28k_14702,jailbreakv28k_14702_mt_2,JailbreakV-28K,aade480fa445533ab1326acad3a0149a2ce6f5ab8432a3115afa9dee8811e8db,,,,,,
jailbreakv28k_14957,jailbreakv28k_14957_mt_1,JailbreakV-28K,af9fe1f09afa5259d71d2e6762e54db6babac497667b51840e5f38af0821e591,,,,,,
jailbreakv28k_14957,jailbreakv28k_14957_mt_2,JailbreakV-28K,af9fe1f09afa5259d71d2e6762e54db6babac497667b51840e5f38af0821e591,,,,,,
jailbreakv28k_15085,jailbreakv28k_15085_mt_1,JailbreakV-28K,cd1394b0d70c3e2f35bd0e6bc770afd37d95e3bb17a298aa2e2642d70df34b22,,,,,,
jailbreakv28k_15085,jailbreakv28k_15085_mt_2,JailbreakV-28K,cd1394b0d70c3e2f35bd0e6bc770afd37d95e3bb17a298aa2e2642d70df34b22,,,,,,
jailbreakv28k_15381,jailbreakv28k_15381_mt_1,JailbreakV-28K,eb1a3aa868de890225e3cd00a8aa7beb99eed91b34c84e3088ef1ae7518ca04c,,,,,,
jailbreakv28k_15381,jailbreakv28k_15381_mt_2,JailbreakV-28K,eb1a3aa868de890225e3cd00a8aa7beb99eed91b34c84e3088ef1ae7518ca04c,,,,,,
jailbreakv28k_15621,jailbreakv28k_15621_mt_1,JailbreakV-28K,3d319935a16fe4f23165b8f182b20812e062357f6e9f89e10cce470d188a9faa,,,,,,
jailbreakv28k_15621,jailbreakv28k_15621_mt_2,JailbreakV-28K,3d319935a16fe4f23165b8f182b20812e062357f6e9f89e10cce470d188a9faa,,,,,,
jailbreakv28k_15680,jailbreakv28k_15680_mt_1,JailbreakV-28K,3bb92636e98ea5f3192be3a8b58d9a89a54e8023a3090ca24e9628a850ec86d6,,,,,,
jailbreakv28k_15680,jailbreakv28k_15680_mt_2,JailbreakV-28K,3bb92636e98ea5f3192be3a8b58d9a89a54e8023a3090ca24e9628a850ec86d6,,,,,,
jailbreakv28k_15835,jailbreakv28k_15835_mt_1,JailbreakV-28K,ae2575776a182246ff8b5e54f1fd0c571fbbcf6f58793ac485e0a2d69eefe053,,,,,,
jailbreakv28k_15835,jailbreakv28k_15835_mt_2,JailbreakV-28K,ae2575776a182246ff8b5e54f1fd0c571fbbcf6f58793ac485e0a2d69eefe053,,,,,,
jailbreakv28k_16016,jailbreakv28k_16016_mt_1,JailbreakV-28K,254e9e4844aac9b542fd38b1f7ec65ac4b824a0603b3adecab71260e8ff6d87e,,,,,,
jailbreakv28k_16016,jailbreakv28k_16016_mt_2,JailbreakV-28K,254e9e4844aac9b542fd38b1f7ec65ac4b824a0603b3adecab71260e8ff6d87e,,,,,,
jailbreakv28k_16056,jailbreakv28k_16056_mt_1,JailbreakV-28K,afe0ba98a0b575028853b88a795335420641ea93b522936ff32303b26c19cfb6,,,,,,
jailbreakv28k_16056,jailbreakv28k_16056_mt_2,JailbreakV-28K,afe0ba98a0b575028853b88a795335420641ea93b522936ff32303b26c19cfb6,,,,,,
jailbreakv28k_16310,jailbreakv28k_16310_mt_1,JailbreakV-28K,12136b9c358ab2639d0160b5000d943b8254582f350a37ddb95eaa84f83f10d9,,,,,,
jailbreakv28k_16310,jailbreakv28k_16310_mt_2,JailbreakV-28K,12136b9c358ab2639d0160b5000d943b8254582f350a37ddb95eaa84f83f10d9,,,,,,
jailbreakv28k_16378,jailbreakv28k_16378_mt_1,JailbreakV-28K,ddad2c109b214fa70c6f6c50b33636d6370108044478e744b69edba61836ee48,,,,,,
jailbreakv28k_16378,jailbreakv28k_16378_mt_2,JailbreakV-28K,ddad2c109b214fa70c6f6c50b33636d6370108044478e744b69edba61836ee48,,,,,,
jailbreakv28k_16402,jailbreakv28k_16402_mt_1,JailbreakV-28K,8993f7d12157a3eafe20de74bf314551157d94c7318dc709dfd85f1e0d9dc61d,,,,,,
jailbreakv28k_16402,jailbreakv28k_16402_mt_2,JailbreakV-28K,8993f7d12157a3eafe20de74bf314551157d94c7318dc709dfd85f1e0d9dc61d,,,,,,
jailbreakv28k_16461,jailbreakv28k_16461_mt_1,JailbreakV-28K,37e564cab4fce6ce8492b1b85f9645b1a8d54bfbb5a6ea401a2a0639cafffd88,,,,,,
jailbreakv28k_16461,jailbreakv28k_16461_mt_2,JailbreakV-28K,37e564cab4fce6ce8492b1b85f9645b1a8d54bfbb5a6ea401a2a0639cafffd88,,,,,,
jailbreakv28k_16689,jailbreakv28k_16689_mt_1,JailbreakV-28K,228c48656926f4941afc9c3e859682bdd81950fbf7e4e2b8f81103d7585da6d5,,,,,,
jailbreakv28k_16689,jailbreakv28k_16689_mt_2,JailbreakV-28K,228c48656926f4941afc9c3e859682bdd81950fbf7e4e2b8f81103d7585da6d5,,,,,,
jailbreakv28k_16876,jailbreakv28k_16876_mt_1,JailbreakV-28K,d46a9f34557432d3159e72539d5b4352dac9d1f07dce2d61a5a17d0fc9a4599e,,,,,,
jailbreakv28k_16876,jailbreakv28k_16876_mt_2,JailbreakV-28K,d46a9f34557432d3159e72539d5b4352dac9d1f07dce2d61a5a17d0fc9a4599e,,,,,,
jailbreakv28k_16967,jailbreakv28k_16967_mt_1,JailbreakV-28K,301372ee3cc02c2b6648d127b14389ab80cba9a08df67de1d03949120719a3eb,,,,,,
jailbreakv28k_16967,jailbreakv28k_16967_mt_2,JailbreakV-28K,301372ee3cc02c2b6648d127b14389ab80cba9a08df67de1d03949120719a3eb,,,,,,
jailbreakv28k_17158,jailbreakv28k_17158_mt_1,JailbreakV-28K,5c3ae989d51c202475caa91776790c96a83baaccccd214b24f56204f1b415e5a,,,,,,
jailbreakv28k_17158,jailbreakv28k_17158_mt_2,JailbreakV-28K,5c3ae989d51c202475caa91776790c96a83baaccccd214b24f56204f1b415e5a,,,,,,
jailbreakv28k_17217,jailbreakv28k_17217_mt_1,JailbreakV-28K,15b5abd7df0e3c02af11ada3c4dbc1e11711abe41e7f5a5161e2b6a65b498c5f,,,,,,
jailbreakv28k_17217,jailbreakv28k_17217_mt_2,JailbreakV-28K,15b5abd7df0e3c02af11ada3c4dbc1e11711abe41e7f5a5161e2b6a65b498c5f,,,,,,
jailbreakv28k_17361,jailbreakv28k_17361_mt_1,JailbreakV-28K,b7b990fe44b8405cb4ac1202746e742d36f8a9f1b25ca82fdd5beb2ee192baea,,,,,,
jailbreakv28k_17361,jailbreakv28k_17361_mt_2,JailbreakV-28K,b7b990fe44b8405cb4ac1202746e742d36f8a9f1b25ca82fdd5beb2ee192baea,,,,,,
jailbreakv28k_17385,jailbreakv28k_17385_mt_1,JailbreakV-28K,34f3545714365b201134e1dffeba7a7004dea6840db3e7d108798428f7224108,,,,,,
jailbreakv28k_17385,jailbreakv28k_17385_mt_2,JailbreakV-28K,34f3545714365b201134e1dffeba7a7004dea6840db3e7d108798428f7224108,,,,,,
jailbreakv28k_17401,jailbreakv28k_17401_mt_1,JailbreakV-28K,d07bd8f6e174f63de7f82464a2614e6cdd89a815db7fa92b357796377c6051ae,,,,,,
jailbreakv28k_17401,jailbreakv28k_17401_mt_2,JailbreakV-28K,d07bd8f6e174f63de7f82464a2614e6cdd89a815db7fa92b357796377c6051ae,,,,,,
jailbreakv28k_17674,jailbreakv28k_17674_mt_1,JailbreakV-28K,a7863f0c65eaefcb837d5e5271820556ef70315fd5f6d3a784d7eba5485f8f3a,,,,,,
jailbreakv28k_17674,jailbreakv28k_17674_mt_2,JailbreakV-28K,a7863f0c65eaefcb837d5e5271820556ef70315fd5f6d3a784d7eba5485f8f3a,,,,,,
jailbreakv28k_17986,jailbreakv28k_17986_mt_1,JailbreakV-28K,6f4102f4f86376a1dc83d32413cb615b3da56e9f64636b58bb2154f1195cea03,,,,,,
jailbreakv28k_17986,jailbreakv28k_17986_mt_2,JailbreakV-28K,6f4102f4f86376a1dc83d32413cb615b3da56e9f64636b58bb2154f1195cea03,,,,,,
jailbreakv28k_19026,jailbreakv28k_19026_mt_1,JailbreakV-28K,f748de2d345497a8318b1798e849283f4abfaae3e32d2d47ab0e2934d7f0942b,,,,,,
jailbreakv28k_19026,jailbreakv28k_19026_mt_2,JailbreakV-28K,f748de2d345497a8318b1798e849283f4abfaae3e32d2d47ab0e2934d7f0942b,,,,,,
jailbreakv28k_19304,jailbreakv28k_19304_mt_1,JailbreakV-28K,68c5e47230ea7be576bdff5de8fe49fd2125bf1151f4eb12c4c4fe89413902a2,,,,,,
jailbreakv28k_19304,jailbreakv28k_19304_mt_2,JailbreakV-28K,68c5e47230ea7be576bdff5de8fe49fd2125bf1151f4eb12c4c4fe89413902a2,,,,,,
jailbreakv28k_19763,jailbreakv28k_19763_mt_1,JailbreakV-28K,ea62dd1ff63385451d7ade6d93564bfef76eb00e1c7007a205f5c12c20620ea8,,,,,,
jailbreakv28k_19763,jailbreakv28k_19763_mt_2,JailbreakV-28K,ea62dd1ff63385451d7ade6d93564bfef76eb00e1c7007a205f5c12c20620ea8,,,,,,
jailbreakv28k_19983,jailbreakv28k_19983_mt_1,JailbreakV-28K,37b81fc2bfb071503088bb8765b027a97504c6f9b6896c6fa51a66eefd764140,,,,,,
jailbreakv28k_19983,jailbreakv28k_19983_mt_2,JailbreakV-28K,37b81fc2bfb071503088bb8765b027a97504c6f9b6896c6fa51a66eefd764140,,,,,,
jailbreakv28k_20004,jailbreakv28k_20004_mt_1,JailbreakV-28K,95ff89a5da087cff008a827797e864639135932af1121e1bc14283f49aab63b1,,,,,,
jailbreakv28k_20004,jailbreakv28k_20004_mt_2,JailbreakV-28K,95ff89a5da087cff008a827797e864639135932af1121e1bc14283f49aab63b1,,,,,,
jailbreakv28k_22263,jailbreakv28k_22263_mt_1,JailbreakV-28K,53af8fe8e979f563b490b3a18a50e9029d17b16baada07d2cf332e4293010bf9,,,,,,
jailbreakv28k_22263,jailbreakv28k_22263_mt_2,JailbreakV-28K,53af8fe8e979f563b490b3a18a50e9029d17b16baada07d2cf332e4293010bf9,,,,,,
jailbreakv28k_22322,jailbreakv28k_22322_mt_1,JailbreakV-28K,b92192f9a9f72f7b5c623a639911dd14b68fe7e98d5a2e705577c867fa6754ab,,,,,,
jailbreakv28k_22322,jailbreakv28k_22322_mt_2,JailbreakV-28K,b92192f9a9f72f7b5c623a639911dd14b68fe7e98d5a2e705577c867fa6754ab,,,,,,
jailbreakv28k_22738,jailbreakv28k_22738_mt_1,JailbreakV-28K,7be6324eeef7b7c50fceb2c985e10c1c15161c541a426e8cd1f8111558b6b692,,,,,,
jailbreakv28k_22738,jailbreakv28k_22738_mt_2,JailbreakV-28K,7be6324eeef7b7c50fceb2c985e10c1c15161c541a426e8cd1f8111558b6b692,,,,,,
jailbreakv28k_22900,jailbreakv28k_22900_mt_1,JailbreakV-28K,5c0581741ff21a5742036836f56c2171a3f054059a8e67f530a7e96b5a9775c4,,,,,,
jailbreakv28k_22900,jailbreakv28k_22900_mt_2,JailbreakV-28K,5c0581741ff21a5742036836f56c2171a3f054059a8e67f530a7e96b5a9775c4,,,,,,
jailbreakv28k_22910,jailbreakv28k_22910_mt_1,JailbreakV-28K,b7afd06140e0009b7e47ef19d1c0384da0e497b1f1d06acc3fe8842913c506cb,,,,,,
jailbreakv28k_22910,jailbreakv28k_22910_mt_2,JailbreakV-28K,b7afd06140e0009b7e47ef19d1c0384da0e497b1f1d06acc3fe8842913c506cb,,,,,,
jailbreakv28k_23125,jailbreakv28k_23125_mt_1,JailbreakV-28K,86f547443474cf982145a445f8518f447fedccc4ef7d61a383151635a1c79399,,,,,,
jailbreakv28k_23125,jailbreakv28k_23125_mt_2,JailbreakV-28K,86f547443474cf982145a445f8518f447fedccc4ef7d61a383151635a1c79399,,,,,,
jailbreakv28k_23166,jailbreakv28k_23166_mt_1,JailbreakV-28K,b7c2b719f442cab5aa8135cc6ede782225c7796ce819ef8eff2d37bbc5ac6de1,,,,,,
jailbreakv28k_23166,jailbreakv28k_23166_mt_2,JailbreakV-28K,b7c2b719f442cab5aa8135cc6ede782225c7796ce819ef8eff2d37bbc5ac6de1,,,,,,
jailbreakv28k_24060,jailbreakv28k_24060_mt_1,JailbreakV-28K,274779c0c57b2042fb6c6b03b2447c2076453396176793aab3bdce6d2a710618,,,,,,
jailbreakv28k_24060,jailbreakv28k_24060_mt_2,JailbreakV-28K,274779c0c57b2042fb6c6b03b2447c2076453396176793aab3bdce6d2a710618,,,,,,
jailbreakv28k_24326,jailbreakv28k_24326_mt_1,JailbreakV-28K,46a51044fb7799942ed11344a1ee7bbefde76d7d203ab2437c41a29c42945fd8,,,,,,
jailbreakv28k_24326,jailbreakv28k_24326_mt_2,JailbreakV-28K,46a51044fb7799942ed11344a1ee7bbefde76d7d203ab2437c41a29c42945fd8,,,,,,
jailbreakv28k_24405,jailbreakv28k_24405_mt_1,JailbreakV-28K,c767039911721c153b70eff28ed9415c34ba36489e6938d9bb71ead4c43de3b8,,,,,,
jailbreakv28k_24405,jailbreakv28k_24405_mt_2,JailbreakV-28K,c767039911721c153b70eff28ed9415c34ba36489e6938d9bb71ead4c43de3b8,,,,,,
jailbreakv28k_24473,jailbreakv28k_24473_mt_1,JailbreakV-28K,23873a8ca1cd60ea44e4ffc9c2bc1d537acb286b5cd245d4416938cd05911d12,,,,,,
jailbreakv28k_24473,jailbreakv28k_24473_mt_2,JailbreakV-28K,23873a8ca1cd60ea44e4ffc9c2bc1d537acb286b5cd245d4416938cd05911d12,,,,,,
jailbreakv28k_25097,jailbreakv28k_25097_mt_1,JailbreakV-28K,0b829f94399f4fa5c48433a7299871aade11955f2ffe0473b772f18023dd54d4,,,,,,
jailbreakv28k_25097,jailbreakv28k_25097_mt_2,JailbreakV-28K,0b829f94399f4fa5c48433a7299871aade11955f2ffe0473b772f18023dd54d4,,,,,,
jailbreakv28k_25147,jailbreakv28k_25147_mt_1,JailbreakV-28K,5f59198912066dd1d2ac8d35be494c373721b6c33e783fb2f03803baad1c26ff,,,,,,
jailbreakv28k_25147,jailbreakv28k_25147_mt_2,JailbreakV-28K,5f59198912066dd1d2ac8d35be494c373721b6c33e783fb2f03803baad1c26ff,,,,,,
jailbreakv28k_25149,jailbreakv28k_25149_mt_1,JailbreakV-28K,c0353432526f7e20d2ccb4a7a807c136e169b5e6428eb0b28c57a65451f9d596,,,,,,
jailbreakv28k_25149,jailbreakv28k_25149_mt_2,JailbreakV-28K,c0353432526f7e20d2ccb4a7a807c136e169b5e6428eb0b28c57a65451f9d596,,,,,,
jailbreakv28k_25283,jailbreakv28k_25283_mt_1,JailbreakV-28K,9c2f02f7c1b26841021af8c2588be43cc6ae912239bffd77bb9d7183fa0a4ba1,,,,,,
jailbreakv28k_25283,jailbreakv28k_25283_mt_2,JailbreakV-28K,9c2f02f7c1b26841021af8c2588be43cc6ae912239bffd77bb9d7183fa0a4ba1,,,,,,
jailbreakv28k_25682,jailbreakv28k_25682_mt_1,JailbreakV-28K,21efe5c635dfe8cf37376c52377340ac4ade5ab5beae9cd0e68642834a532334,,,,,,
jailbreakv28k_25682,jailbreakv28k_25682_mt_2,JailbreakV-28K,21efe5c635dfe8cf37376c52377340ac4ade5ab5beae9cd0e68642834a532334,,,,,,
jailbreakv28k_25752,jailbreakv28k_25752_mt_1,JailbreakV-28K,84e17965331a7d501371bf1719bc71838de21c9b08cd7d066edbf6f77f9de5c8,,,,,,
jailbreakv28k_25752,jailbreakv28k_25752_mt_2,JailbreakV-28K,84e17965331a7d501371bf1719bc71838de21c9b08cd7d066edbf6f77f9de5c8,,,,,,
jailbreakv28k_25858,jailbreakv28k_25858_mt_1,JailbreakV-28K,f2c17060800abd1176595c744f0cdf4722608f56544cb36a6bcd0b838b2d4026,,,,,,
jailbreakv28k_25858,jailbreakv28k_25858_mt_2,JailbreakV-28K,f2c17060800abd1176595c744f0cdf4722608f56544cb36a6bcd0b838b2d4026,,,,,,
jailbreakv28k_25927,jailbreakv28k_25927_mt_1,JailbreakV-28K,56c144548bc0f6cbaa448dd0ce020ece0f7f3d3c906414492cd1f126b172f08b,,,,,,
jailbreakv28k_25927,jailbreakv28k_25927_mt_2,JailbreakV-28K,56c144548bc0f6cbaa448dd0ce020ece0f7f3d3c906414492cd1f126b172f08b,,,,,,
jailbreakv28k_26118,jailbreakv28k_26118_mt_1,JailbreakV-28K,c18db5d88b652bf5178514ecc0e3c369087240d1f12afc028cb9ec60c3e9a77f,,,,,,
jailbreakv28k_26118,jailbreakv28k_26118_mt_2,JailbreakV-28K,c18db5d88b652bf5178514ecc0e3c369087240d1f12afc028cb9ec60c3e9a77f,,,,,,
jailbreakv28k_26586,jailbreakv28k_26586_mt_1,JailbreakV-28K,0617a63c5605595fdaa04025b633cad0ab894e6adfe2fdac82ea982917abb47b,,,,,,
jailbreakv28k_26586,jailbreakv28k_26586_mt_2,JailbreakV-28K,0617a63c5605595fdaa04025b633cad0ab894e6adfe2fdac82ea982917abb47b,,,,,,
jailbreakv28k_26893,jailbreakv28k_26893_mt_1,JailbreakV-28K,ebaa0990c6bd0beca662b8a450d5b3aae08c4a56a7a13c03f84cace58a8615d9,,,,,,
jailbreakv28k_26893,jailbreakv28k_26893_mt_2,JailbreakV-28K,ebaa0990c6bd0beca662b8a450d5b3aae08c4a56a7a13c03f84cace58a8615d9,,,,,,
jailbreakv28k_27095,jailbreakv28k_27095_mt_1,JailbreakV-28K,4f31408f186c248f057b0d710919dd78033c1434002a665c94e221fdc38b1b43,,,,,,
jailbreakv28k_27095,jailbreakv28k_27095_mt_2,JailbreakV-28K,4f31408f186c248f057b0d710919dd78033c1434002a665c94e221fdc38b1b43,,,,,,
jailbreakv28k_27192,jailbreakv28k_27192_mt_1,JailbreakV-28K,54477def3e0047d8d951b73866b4ad7b7c64c0bc307e701cd03c190e6fb159e3,,,,,,
jailbreakv28k_27192,jailbreakv28k_27192_mt_2,JailbreakV-28K,54477def3e0047d8d951b73866b4ad7b7c64c0bc307e701cd03c190e6fb159e3,,,,,,
jailbreakv28k_27254,jailbreakv28k_27254_mt_1,JailbreakV-28K,de238383b95cc7358d677fa2c8b099aa984298213daac5935fd66b748daf421c,,,,,,
jailbreakv28k_27254,jailbreakv28k_27254_mt_2,JailbreakV-28K,de238383b95cc7358d677fa2c8b099aa984298213daac5935fd66b748daf421c,,,,,,
jailbreakv28k_27297,jailbreakv28k_27297_mt_1,JailbreakV-28K,683013e7529088c97c2366d26709686a097d2dd7b03d2d5e2449ee824746968f,,,,,,
jailbreakv28k_27297,jailbreakv28k_27297_mt_2,JailbreakV-28K,683013e7529088c97c2366d26709686a097d2dd7b03d2d5e2449ee824746968f,,,,,,
jailbreakv28k_27471,jailbreakv28k_27471_mt_1,JailbreakV-28K,a3d065e824ffacb5b023b33f4b9cd80014fd2d890ff83ea8e166c5cd2bb9e075,,,,,,
jailbreakv28k_27471,jailbreakv28k_27471_mt_2,JailbreakV-28K,a3d065e824ffacb5b023b33f4b9cd80014fd2d890ff83ea8e166c5cd2bb9e075,,,,,,
jailbreakv28k_27604,jailbreakv28k_27604_mt_1,JailbreakV-28K,b51a38c267d97b8d1c74c7a996a8afd755103666ba9cf188184aa4ab7ed5d74a,,,,,,
jailbreakv28k_27604,jailbreakv28k_27604_mt_2,JailbreakV-28K,b51a38c267d97b8d1c74c7a996a8afd755103666ba9cf188184aa4ab7ed5d74a,,,,,,
jailbreakv28k_27827,jailbreakv28k_27827_mt_1,JailbreakV-28K,e54cfeb59e77b2b081b6aa22c62c7d5aa7197e4d890c150a36b9301bad08c31e,,,,,,
jailbreakv28k_27827,jailbreakv28k_27827_mt_2,JailbreakV-28K,e54cfeb59e77b2b081b6aa22c62c7d5aa7197e4d890c150a36b9301bad08c31e,,,,,,
jailbreakv28k_27867,jailbreakv28k_27867_mt_1,JailbreakV-28K,c0d1c1947da53e978809af27f966820b5a084a9dd6f53cfe9043a5ab095657ea,,,,,,
jailbreakv28k_27867,jailbreakv28k_27867_mt_2,JailbreakV-28K,c0d1c1947da53e978809af27f966820b5a084a9dd6f53cfe9043a5ab095657ea,,,,,,
jailbreakv_redteam_00003,jailbreakv_redteam_00003_mt_1,JailbreakV-28K-RedTeam,7ba70570f53f410bf5596994e29e80aa79b33619620fb89787e4ce95a8257e58,,,,,,
jailbreakv_redteam_00003,jailbreakv_redteam_00003_mt_2,JailbreakV-28K-RedTeam,7ba70570f53f410bf5596994e29e80aa79b33619620fb89787e4ce95a8257e58,,,,,,
jailbreakv_redteam_00028,jailbreakv_redteam_00028_mt_1,JailbreakV-28K-RedTeam,c071b4e37c00c18b64be414dc18d062bd1d096da9e44974a92eabe59c5b5f955,,,,,,
jailbreakv_redteam_00028,jailbreakv_redteam_00028_mt_2,JailbreakV-28K-RedTeam,c071b4e37c00c18b64be414dc18d062bd1d096da9e44974a92eabe59c5b5f955,,,,,,
jailbreakv_redteam_00065,jailbreakv_redteam_00065_mt_1,JailbreakV-28K-RedTeam,e2399aab190118569e39e416354de9ca7358bad073cb1fdd9510f390e2e95b0f,,,,,,
jailbreakv_redteam_00065,jailbreakv_redteam_00065_mt_2,JailbreakV-28K-RedTeam,e2399aab190118569e39e416354de9ca7358bad073cb1fdd9510f390e2e95b0f,,,,,,
jailbreakv_redteam_00139,jailbreakv_redteam_00139_mt_1,JailbreakV-28K-RedTeam,87f663f2631a546be07baebc5a2b71a460207058f6a3286ba3388cf07b1cc3e6,,,,,,
jailbreakv_redteam_00139,jailbreakv_redteam_00139_mt_2,JailbreakV-28K-RedTeam,87f663f2631a546be07baebc5a2b71a460207058f6a3286ba3388cf07b1cc3e6,,,,,,
jailbreakv_redteam_00221,jailbreakv_redteam_00221_mt_1,JailbreakV-28K-RedTeam,ea89c6a149a1ba7a8acd1cfb62a7096ec02ff345e8c2d5e90fd198d3e1ceb511,,,,,,
jailbreakv_redteam_00221,jailbreakv_redteam_00221_mt_2,JailbreakV-28K-RedTeam,ea89c6a149a1ba7a8acd1cfb62a7096ec02ff345e8c2d5e90fd198d3e1ceb511,,,,,,
jailbreakv_redteam_00429,jailbreakv_redteam_00429_mt_1,JailbreakV-28K-RedTeam,c1bf6540ffdc8062b203825f0918edb489afd4a82edf3c9fad2938d24d945099,,,,,,
jailbreakv_redteam_00429,jailbreakv_redteam_00429_mt_2,JailbreakV-28K-RedTeam,c1bf6540ffdc8062b203825f0918edb489afd4a82edf3c9fad2938d24d945099,,,,,,
jailbreakv_redteam_00478,jailbreakv_redteam_00478_mt_1,JailbreakV-28K-RedTeam,6ecb0f8fea8406b44552e6a7f12cddaefbcd4cbc988f48e611dfb97e4cad02e9,,,,,,
jailbreakv_redteam_00478,jailbreakv_redteam_00478_mt_2,JailbreakV-28K-RedTeam,6ecb0f8fea8406b44552e6a7f12cddaefbcd4cbc988f48e611dfb97e4cad02e9,,,,,,
jailbreakv_redteam_00502,jailbreakv_redteam_00502_mt_1,JailbreakV-28K-RedTeam,1958deb0b3f8fb7bbf4562a7ddde59efa3a74cf72a401b19ba9b507251d6f167,,,,,,
jailbreakv_redteam_00502,jailbreakv_redteam_00502_mt_2,JailbreakV-28K-RedTeam,1958deb0b3f8fb7bbf4562a7ddde59efa3a74cf72a401b19ba9b507251d6f167,,,,,,
jailbreakv_redteam_00820,jailbreakv_redteam_00820_mt_1,JailbreakV-28K-RedTeam,c0c1fe5a094990f6a54628ba282dbbde58f67b1a6a52ed5e98320e8d4500cec9,,,,,,
jailbreakv_redteam_00820,jailbreakv_redteam_00820_mt_2,JailbreakV-28K-RedTeam,c0c1fe5a094990f6a54628ba282dbbde58f67b1a6a52ed5e98320e8d4500cec9,,,,,,
jailbreakv_redteam_00824,jailbreakv_redteam_00824_mt_1,JailbreakV-28K-RedTeam,a0cf9cdcb815dfcbaeafbd3e46f4ee42d3d109e7638de21f8ea20f94944c0a17,,,,,,
jailbreakv_redteam_00824,jailbreakv_redteam_00824_mt_2,JailbreakV-28K-RedTeam,a0cf9cdcb815dfcbaeafbd3e46f4ee42d3d109e7638de21f8ea20f94944c0a17,,,,,,
jailbreakv_redteam_00892,jailbreakv_redteam_00892_mt_1,JailbreakV-28K-RedTeam,56c5b39bb3cd6f673c839147f7625f28010585f2014f1495a4d2589f4285656b,,,,,,
jailbreakv_redteam_00892,jailbreakv_redteam_00892_mt_2,JailbreakV-28K-RedTeam,56c5b39bb3cd6f673c839147f7625f28010585f2014f1495a4d2589f4285656b,,,,,,
jailbreakv_redteam_01015,jailbreakv_redteam_01015_mt_1,JailbreakV-28K-RedTeam,0fb9c5d9c8f5d404eea8947e848d782e001c098d408f2f329c914ae996685871,,,,,,
jailbreakv_redteam_01015,jailbreakv_redteam_01015_mt_2,JailbreakV-28K-RedTeam,0fb9c5d9c8f5d404eea8947e848d782e001c098d408f2f329c914ae996685871,,,,,,
jailbreakv_redteam_01018,jailbreakv_redteam_01018_mt_1,JailbreakV-28K-RedTeam,d74c176224ed558df4a3fc4eeed956c1cd6c61d97cb2716ec208c13014c93cf7,,,,,,
jailbreakv_redteam_01018,jailbreakv_redteam_01018_mt_2,JailbreakV-28K-RedTeam,d74c176224ed558df4a3fc4eeed956c1cd6c61d97cb2716ec208c13014c93cf7,,,,,,
jailbreakv_redteam_01130,jailbreakv_redteam_01130_mt_1,JailbreakV-28K-RedTeam,14860ac6012e78ff0afa17414e6c97277ef059dd128853a5122444187c3aba64,,,,,,
jailbreakv_redteam_01130,jailbreakv_redteam_01130_mt_2,JailbreakV-28K-RedTeam,14860ac6012e78ff0afa17414e6c97277ef059dd128853a5122444187c3aba64,,,,,,
jailbreakv_redteam_01140,jailbreakv_redteam_01140_mt_1,JailbreakV-28K-RedTeam,955ee999ed7e96dea4b092602806550b87b41afee149032dc84dd464c102585c,,,,,,
jailbreakv_redteam_01140,jailbreakv_redteam_01140_mt_2,JailbreakV-28K-RedTeam,955ee999ed7e96dea4b092602806550b87b41afee149032dc84dd464c102585c,,,,,,
jailbreakv_redteam_01211,jailbreakv_redteam_01211_mt_1,JailbreakV-28K-RedTeam,597d74f1cd5dbbe66a7be30dc43a587c50a20797fb38590fffe91a6cdc06e99c,,,,,,
jailbreakv_redteam_01211,jailbreakv_redteam_01211_mt_2,JailbreakV-28K-RedTeam,597d74f1cd5dbbe66a7be30dc43a587c50a20797fb38590fffe91a6cdc06e99c,,,,,,
jailbreakv_redteam_01287,jailbreakv_redteam_01287_mt_1,JailbreakV-28K-RedTeam,57ba4bdb5507977b424ede5c6d91751808e3ed94e968414d59ce397c51c9ecce,,,,,,
jailbreakv_redteam_01287,jailbreakv_redteam_01287_mt_2,JailbreakV-28K-RedTeam,57ba4bdb5507977b424ede5c6d91751808e3ed94e968414d59ce397c51c9ecce,,,,,,
jailbreakv_redteam_01379,jailbreakv_redteam_01379_mt_1,JailbreakV-28K-RedTeam,b732e5b7d15a6f579c0b58874c8c4104432bd43b7d6e6405642fc54b2aad6928,,,,,,
jailbreakv_redteam_01379,jailbreakv_redteam_01379_mt_2,JailbreakV-28K-RedTeam,b732e5b7d15a6f579c0b58874c8c4104432bd43b7d6e6405642fc54b2aad6928,,,,,,
jailbreakv_redteam_01728,jailbreakv_redteam_01728_mt_1,JailbreakV-28K-RedTeam,d5dbd83435b99204bffcf6e71ac6cc66edb32829417b1eaa7548da24194319a5,,,,,,
jailbreakv_redteam_01728,jailbreakv_redteam_01728_mt_2,JailbreakV-28K-RedTeam,d5dbd83435b99204bffcf6e71ac6cc66edb32829417b1eaa7548da24194319a5,,,,,,
jailbreakv_redteam_01798,jailbreakv_redteam_01798_mt_1,JailbreakV-28K-RedTeam,5ba4d049e000333243eef3ed7ef084d078d7a7da014da365d1adb5548b146849,,,,,,
jailbreakv_redteam_01798,jailbreakv_redteam_01798_mt_2,JailbreakV-28K-RedTeam,5ba4d049e000333243eef3ed7ef084d078d7a7da014da365d1adb5548b146849,,,,,,
jailbreakv_redteam_01835,jailbreakv_redteam_01835_mt_1,JailbreakV-28K-RedTeam,ae3dd7fd3291bfe1408eb2edcd2a4f3d897544ed370e984900692f16a8f0655b,,,,,,
jailbreakv_redteam_01835,jailbreakv_redteam_01835_mt_2,JailbreakV-28K-RedTeam,ae3dd7fd3291bfe1408eb2edcd2a4f3d897544ed370e984900692f16a8f0655b,,,,,,
jailbreakv_redteam_01870,jailbreakv_redteam_01870_mt_1,JailbreakV-28K-RedTeam,49ebd330468f1cf2196f14d06ad5687d67380e218238d6774d2a96bce0bb53fc,,,,,,
jailbreakv_redteam_01870,jailbreakv_redteam_01870_mt_2,JailbreakV-28K-RedTeam,49ebd330468f1cf2196f14d06ad5687d67380e218238d6774d2a96bce0bb53fc,,,,,,
jailbreakv_redteam_01943,jailbreakv_redteam_01943_mt_1,JailbreakV-28K-RedTeam,4bc016f7522572205654810de2c1df318f60f4c01c6d1bc13290756322a3f397,,,,,,
jailbreakv_redteam_01943,jailbreakv_redteam_01943_mt_2,JailbreakV-28K-RedTeam,4bc016f7522572205654810de2c1df318f60f4c01c6d1bc13290756322a3f397,,,,,,
jbb_harmful_0009,jbb_harmful_0009_mt_1,JailbreakBench,e357063fd7453faa839110d07b7c2aac4c9e45b2bda077b1f49cb87d5f62159c,,,,,,
jbb_harmful_0009,jbb_harmful_0009_mt_2,JailbreakBench,e357063fd7453faa839110d07b7c2aac4c9e45b2bda077b1f49cb87d5f62159c,,,,,,
jbb_harmful_0030,jbb_harmful_0030_mt_1,JailbreakBench,a07d456d950e52aac19b7e483c9559785bed8e279673ed5ef6a71012e243813a,,,,,,
jbb_harmful_0030,jbb_harmful_0030_mt_2,JailbreakBench,a07d456d950e52aac19b7e483c9559785bed8e279673ed5ef6a71012e243813a,,,,,,
jbb_harmful_0033,jbb_harmful_0033_mt_1,JailbreakBench,526c9de4ad14f328af3f6edac05611f24bb85922776bfa1aa88bb6f4142c75e8,,,,,,
jbb_harmful_0033,jbb_harmful_0033_mt_2,JailbreakBench,526c9de4ad14f328af3f6edac05611f24bb85922776bfa1aa88bb6f4142c75e8,,,,,,
jbb_harmful_0049,jbb_harmful_0049_mt_1,JailbreakBench,e6eda0f2a309283f43ad9ddb4406e656230dd5cc47c510e4dcbd0a89b9e88ed2,,,,,,
jbb_harmful_0049,jbb_harmful_0049_mt_2,JailbreakBench,e6eda0f2a309283f43ad9ddb4406e656230dd5cc47c510e4dcbd0a89b9e88ed2,,,,,,
jbb_harmful_0052,jbb_harmful_0052_mt_1,JailbreakBench,8b764b8f6bfcbb4bdad2bf6f7dd3b9ed1d12dbe9882a6bd388f89ac06339208c,,,,,,
jbb_harmful_0052,jbb_harmful_0052_mt_2,JailbreakBench,8b764b8f6bfcbb4bdad2bf6f7dd3b9ed1d12dbe9882a6bd388f89ac06339208c,,,,,,
jbb_harmful_0053,jbb_harmful_0053_mt_1,JailbreakBench,edb928a4dad4e30f72b7e9b272b6530c6b6ad243f27233d1dab5b082c415a02e,,,,,,
jbb_harmful_0053,jbb_harmful_0053_mt_2,JailbreakBench,edb928a4dad4e30f72b7e9b272b6530c6b6ad243f27233d1dab5b082c415a02e,,,,,,
jbb_harmful_0073,jbb_harmful_0073_mt_1,JailbreakBench,e769a66af17bc438d661b0a0e1e25382afb5c8b7587dcced929bdb0467ba457a,,,,,,
jbb_harmful_0073,jbb_harmful_0073_mt_2,JailbreakBench,e769a66af17bc438d661b0a0e1e25382afb5c8b7587dcced929bdb0467ba457a,,,,,,
jbb_harmful_0077,jbb_harmful_0077_mt_1,JailbreakBench,82a5a7526f71accde79e927d0198dab9603cc8e6caf428f3f77369a437550ffe,,,,,,
jbb_harmful_0077,jbb_harmful_0077_mt_2,JailbreakBench,82a5a7526f71accde79e927d0198dab9603cc8e6caf428f3f77369a437550ffe,,,,,,
jbb_harmful_0078,jbb_harmful_0078_mt_1,JailbreakBench,a673be36d7e25d2838cc2fc8150b1cdb2f6eebe111b9203837c2c7b91c11bece,,,,,,
jbb_harmful_0078,jbb_harmful_0078_mt_2,JailbreakBench,a673be36d7e25d2838cc2fc8150b1cdb2f6eebe111b9203837c2c7b91c11bece,,,,,,
jbb_harmful_0081,jbb_harmful_0081_mt_1,JailbreakBench,6b153452c55458807eb1640b5e56520a7bafa8db44abc1b24d48eb97b1b3804e,,,,,,
jbb_harmful_0081,jbb_harmful_0081_mt_2,JailbreakBench,6b153452c55458807eb1640b5e56520a7bafa8db44abc1b24d48eb97b1b3804e,,,,,,
